title,price,writer,company,star_content,star_edit
만일 내가 인생을 다시 산다면,"15,480원",김혜남 저 , 메이븐,4,4
김미경의 마흔 수업,"16,200원",김미경 저 , 어웨이크북스,0,0
슬램덩크 신장재편판 1,"6,300원",이노우에 타케히코 글그림 , 대원,4,4
슬램덩크 신장재편판 2,"5,850원",이노우에 타케히코 글그림 , 대원,4,4
슬램덩크 신장재편판 3,"6,300원",이노우에 타케히코 글그림 , 대원,4,4
슬램덩크 신장재편판 5,"6,300원",이노우에 타케히코 글그림 , 대원,4,4
슬램덩크 신장재편판 20,"6,300원",이노우에 타케히코 글그림 , 대원,4,4
슬램덩크 신장재편판 4,"6,300원",이노우에 타케히코 글그림 , 대원,4,4
슬램덩크 신장재편판 19,"6,300원",이노우에 타케히코 글그림 , 대원,4,4
슬램덩크 신장재편판 6,"6,300원",이노우에 타케히코 글그림 , 대원,4,4
슬램덩크 신장재편판 17,"6,300원",이노우에 타케히코 글그림 , 대원,4,4
슬램덩크 신장재편판 18,"5,850원",이노우에 타케히코 글그림 , 대원,4,4
슬램덩크 신장재편판 16,"6,300원",이노우에 타케히코 글그림 , 대원,4,4
슬램덩크 신장재편판 15,"6,750원",이노우에 타케히코 글그림 , 대원,4,4
슬램덩크 신장재편판 10,"6,300원",이노우에 타케히코 글그림 , 대원,4,4
슬램덩크 신장재편판 7,"6,750원",이노우에 타케히코 글그림 , 대원,4,4
슬램덩크 신장재편판 14,"6,300원",이노우에 타케히코 글그림 , 대원,4,4
슬램덩크 신장재편판 13,"5,850원",이노우에 타케히코 글그림 , 대원,4,4
슬램덩크 신장재편판 9,"6,750원",이노우에 타케히코 글그림 , 대원,4,4
슬램덩크 신장재편판 8,"6,750원",이노우에 타케히코 글그림 , 대원,4,4
슬램덩크 신장재편판 11,"6,300원",이노우에 타케히코 글그림 , 대원,4,4
슬램덩크 신장재편판 12,"6,300원",이노우에 타케히코 글그림 , 대원,4,4
세이노의 가르침,"6,480원",세이노 저 , 데이원,4,4
생에 감사해,"15,300원",김혜자 저 , 수오서재,4,4
불편한 편의점,"12,600원",김호연 저 , 나무옆의자,4,4
원씽 THE ONE THING,"12,600원","게리 켈러,제이 파파산 저/구세희 역 ", 비즈니스북스,4,4
불편한 편의점 2,"12,600원",김호연 저 , 나무옆의자,4,4
미스터 프레지던트,"19,800원",탁현민 저 , 메디치미디어,5,5
역행자,"15,750원",자청 저 , 웅진지식하우스,4,4
아버지의 해방일지,"13,500원",정지아 저 , 창비,4,4
ETS 토익 정기시험 기출문제집 1000 Vol.3 READING 리딩 ,"16,020원",ETS 저 , YBM(와이비엠),4,4
ETS 토익 정기시험 기출문제집 1000 Vol.3 LISTENING 리스닝  ,"16,020원",ETS 저 , YBM(와이비엠),4,4
"2023 큰별쌤 최태성의 별별한국사 기출 500제 한국사능력검정시험 심화(1,2...","17,550원",최태성 저 , 이투스북 ,5,5
슬램덩크 리소스-THE FIRST SLAM DUNK re:SOURCE,"18,000원",이노우에 타케히코 글그림 , 대원,5,5
"오늘 밤, 세계에서 이 사랑이 사라진다 해도","12,600원",이치조 미사키 저/권영주 역 , 모모,4,4
스카이 버스,"16,200원",분당강쌤 저 , 다산에듀,4,4
이은경쌤의 초등어휘일력 365 ,"16,920원",이은경 저 , 포레스트북스,4,4
트렌드 코리아 2023 ,"17,100원","추예린,이혜원,한다혜,이향은,이준영 저 외 5명 ", 미래의창,4,4
기분이 태도가 되지 말자,"14,400원",김수현 저  , 하이스트,5,5
내가 틀릴 수도 있습니다 (리커버 에디션),"14,400원",비욘 나티코 린데블라드 저/토마스 산체스 그림/박미경 역 , 다산초당,4,4
