제목,저자,출판사,출간일,별점,장르
맛있어서 지속 가능한 디디미니 다이어트 레시피,미니 박지우 (지은이) , 빅피시 , 2022년 5월,5.0,가정/생활
요리하는 다이어터의 맛있게 살 빼는 다이어트 레시피	,이은경 (지은이) , 메가스터디BOOKS	 , 2023년 1월,5.0,가정/생활
김대리의 쉽게 뜨는 요즘 니트,김대리(바늘이야기) (지은이) , 웅진리빙하우스 , 2022년 1월,4.5,가정/생활
맛있게 살 빠지는 고단백 저탄수화물 다이어트 레시피,미니 박지우 (지은이) , 비에이블 , 2020년 7월,5.0,가정/생활
세상 쉽고 맛있는 튼이 이유식,정주희 (지은이) , 서사원 , 2020년 8월,4.5,가정/생활
"밥 챙겨 먹어요, 행복하세요",마포농수산쎈타 (지은이) , 세미콜론 , 2023년 1월,5.0,가정/생활
365일 반찬 걱정 없는 책,송혜영 (지은이) , 길벗 , 2022년 12월,5.0,가정/생활
만화로 배우는 와인의 역사,"브누아 시마 (지은이), 다니엘 카사나브 (그림), 이정은 (옮긴이) ", 한빛비즈 , 2019년 12월,4.5,가정/생활
아내의 맛,김진국 (지은이) , 라이스메이커 , 2018년 10월,4.0,가정/생활
사랑하지 않을 수 없는 달걀 요리,"쓰레즈레 하나코 (지은이), 가케히준 (그림), 조수연 (옮긴이) ", 시그마북스 , 2023년 2월,4.5,가정/생활
디디미니의 초간단 인생맛 고단백 저탄수화물 다이어트 레시피,미니 박지우 (지은이) , 빅피시 , 2021년 7월,5.0,가정/생활
시미켄의 베스트 섹스,"시미즈 켄 (지은이), 김봄 (옮긴이) ", ㅁㅅㄴ , 2018년 2월,5.0,가정/생활
공간의 위로 : 삶을 바꾸는 나만의 집,"소린 밸브스 (지은이), 윤서인 (옮긴이) ", 문예출판사 , 2014년 8월,4.5,가정/생활
잘 자고 잘 먹는 아기의 시간표,정재호 (지은이) , 한빛라이프 , 2014년 9월,5.0,가정/생활
다이어트 불변의 법칙,"하비 다이아몬드 (지은이), 강신원 (옮긴이) ", 사이몬북스 , 2021년 9월,4.5,가정/생활
고단백 저탄수화물 다이어트 레시피,미니 박지우 (지은이) , 위즈덤하우스 , 2018년 6월,4.5,가정/생활
"섹스, 그리고 카마수트라","바츠야야나 (지은이), 척 윌스 (엮은이), 엄성수 (옮긴이) ", 시그마북스 , 2015년 1월,2.5,가정/생활
시니맘의 오늘도 완밥 유아식,시니맘(박지혜) (지은이) , 혜지원 , 2022년 10월,5.0,가정/생활
핏블리의 다이어트 식단 전략집,"핏블리(문석기), 조은비(핑크힙 응비) (지은이) ", 비타북스 , 2022년 7월,4.5,가정/생활
섹스 잘하는 남자 만들기,"미츠이 쿄코 (지은이), 스미 신사쿠 (그림), 이솔 (옮긴이) ", S플레이북 , 2014년 1월,4.0,가정/생활
진짜 기본 요리책,수퍼레시피 (지은이) , 레시피팩토리 , 2020년 12월,4.5,가정/생활
정리 잘하는 사람은 이렇게 합니다,"고메다 마리나 (지은이), 박연정 (옮긴이) ", 한빛라이프 , 2022년 1월,5.0,가정/생활
와인 상식사전,이기태 (지은이) , 길벗 , 2017년 6월,4.5,가정/생활
품격 있는 아내들의 남편 다루는 법,김민수 (지은이) , 북스고 , 2022년 10월,5.0,가정/생활
아하부장의 맛,아하부장 (지은이) , 프롬비 , 2021년 11월,5.0,가정/생활
똑똑하게 사랑하고 행복하게 섹스하라,배정원 (지은이) , 21세기북스 , 2014년 3월,4.0,가정/생활
기초부터 이해하는 제빵 기술,"요시노 세이이치 (지은이), 황미숙 (옮긴이), 임태언, 김지민 (감수) ", 터닝포인트 , 2020년 6월,4.5,가정/생활
도해 사케,"키미지마 사토시 (지은이), 기미정 (옮긴이), 노자키 히로미츠 (감수) ", AK(에이케이)커뮤니케이션즈 , 2015년 6월,0.0,가정/생활
카페 실무 매뉴얼,신기욱 (지은이) , 클 , 2021년 6월,0.0,가정/생활
자연식물식 다이어트 30일 챌린지,오공삼(오영세) (지은이) , 21세기북스 , 2020년 1월,4.5,가정/생활
아메리칸 쿠키,"까망레시피, 호야 (지은이) ", 경향BP , 2022년 11월,5.0,가정/생활
TRUE LOVE 슬로 섹스를 위한 조언,아담 도쿠나가 (지은이) , 바닐라미디어 , 2017년 2월,0.0,가정/생활
커픽처스 커피 레시피 101,김현석 (지은이) , 비타북스 , 2022년 11월,5.0,가정/생활
사유 식탁,"알랭 드 보통, 인생학교 (지은이), 이용재 (옮긴이) ", 오렌지디 , 2022년 12월,5.0,가정/생활
브리첼의 감성 케이크,서귀영(브리첼) (지은이) , 북라이프 , 2021년 5월,5.0,가정/생활
불같은 여자 얼음같은 남자 : 연애 사랑 그리고 행복한 부부생활을 위한 최고의 지침서,"존 그레이 (지은이), 송인선 (옮긴이) ", 서영 , 2014년 9월,4.5,가정/생활
더 솥밥,이민주 (지은이) , 서사원 , 2022년 1월,5.0,가정/생활
"샐러드가 필요한 모든 순간, 나만의 드레싱이 빛나는 순간",지은경 (지은이) , 레시피팩토리 , 2022년 11월,4.5,가정/생활
올리의 커피 교실,"졸라(Zola) (지은이), 김미선 (옮긴이) ", 넥서스BOOKS , 2022년 12월,4.5,가정/생활
어떻게 먹을 것인가,"캐롤린 스틸 (지은이), 홍선영 (옮긴이) ", 메디치미디어 , 2023년 2월,0.0,가정/생활
매일 피부가 새로워지는 화장품 다이어트,오필(김주희) (지은이) , 라온북 , 2022년 11월,5.0,가정/생활
아이주도 이유식 유아식 매뉴얼 (개정판),"BLW 연구소, 안소정 (지은이) ", 아퍼블리싱 , 2021년 10월,5.0,가정/생활
채소 마스터 클래스,"백지혜 (지은이), 정멜멜 (사진) ", 세미콜론 , 2022년 3월,4.5,가정/생활
더 쉽고 더 맛있게 고단백 저탄수화물 다이어트 레시피,미니 박지우 (지은이) , 위즈덤하우스 , 2019년 7월,4.5,가정/생활
나는 질병없이 살기로 했다 : 독소를 청소하면 왜 병과 비만은 사라지는가,"하비 다이아몬드 (지은이), 강신원 (옮긴이) ", 사이몬북스 , 2020년 2월,5.0,가정/생활
유아식 레시피북,BLW 연구소 (지은이) , 경향BP , 2022년 1월,5.0,가정/생활
라임맘의 실패 없는 아이주도이유식 & 유아식,"옥한나 (지은이), 조애경 (감수) ", 중앙books(중앙북스) , 2021년 7월,5.0,가정/생활
그 여자의 섹스 : 내 남자를 위한 사랑의 기술,"이안 커너 (지은이), 전광철 (옮긴이) ", S플레이북 , 2014년 10월,4.0,가정/생활
그 남자의 섹스 : 내 여자를 위한 사랑의 기술,"이안 커너 (지은이), 전광철 (옮긴이) ", S플레이북 , 2014년 5월,4.0,가정/생활
사계절 손뜨개 양말,이상미 (지은이) , 미호 , 2021년 5월,5.0,가정/생활
세상에서 가장 맛있게 와인을 즐기는 방법,"휴 존슨 (지은이), 황근하 (옮긴이) ", 휴먼앤북스(Human&Books) , 2010년 10월,4.5,가정/생활
커피 이야기 - 살림지식총서 089,김성윤 (지은이) , 살림 , 2011년 11월,4.0,가정/생활
라미의 믿고 먹는 다이어트 레시피,이주아 (지은이) , 북테이블 , 2021년 8월,5.0,가정/생활
맛있는 게 좋아서 양조절 다이어트,한아름 (지은이) , 길벗 , 2022년 6월,4.5,가정/생활
만원으로 일주일 반찬 만들기,송혜영 (지은이) , 길벗 , 2020년 6월,5.0,가정/생활
내 얼굴 비대칭?,김담희 (지은이) , 휴머니스트 , 2022년 4월,5.0,가정/생활
초보 드링커를 위한 위스키 안내서,김성욱 (지은이) , 성안당 , 2022년 4월,5.0,가정/생활
피부에 헛돈 쓰지 마라,"옥지윤, 함익병 (지은이) ", 중앙books(중앙북스) , 2015년 7월,4.5,가정/생활
파스타 마스터 클래스,"백지혜 (지은이), 김보령 (사진) ", 세미콜론 , 2020년 8월,5.0,가정/생활
2만원으로 일주일 집밥 만들기,송혜영 (지은이) , 길벗 , 2021년 11월,5.0,가정/생활
슈가레인 카페 디저트 클래스,조한빛 (지은이) , 비타북스 , 2022년 3월,5.0,가정/생활
커피 연구소 : 완벽한 한 잔을 위한 커피 공부,김수민 (옮긴이) , 웅진리빙하우스 , 2019년 1월,4.5,가정/생활
나의 프랑스식 샐러드,이선혜 (지은이) , 브.레드(b.read) , 2020년 8월,5.0,가정/생활
엄마 박완서의 부엌 : 정확하고 완전한 사랑의 기억,호원숙 (지은이) , 세미콜론 , 2021년 2월,4.5,가정/생활
한 달 반 만에 9kg 감량 운동 없는 맛불리 다이어트,맛불리 (지은이) , 동양북스(동양문고) , 2021년 11월,4.0,가정/생활
내 몸에 착한 매일 저염식,이정민 (지은이) , 니들북 , 2015년 1월,4.5,가정/생활
집값 높여도 잘 팔리는 부동산 인테리어 : 삼성물산 출신의 인테리어 전문가가 알려 주는 부동산 인테리어의 모든 것,남경엽 (지은이) , 아라크네 , 2018년 12월,5.0,가정/생활
지금은 섹스를 배울 시간,조명준 (지은이) , 성안당 , 2013년 7월,4.5,가정/생활
안 먹는 아이도 바쁜 엄마도 반한 엘리네 미국 유아식,스마일 엘리 (지은이) , 세종(세종서적) , 2022년 1월,5.0,가정/생활
집밥이 더 맛있어지는 명랑쌤 비법 국물요리,명랑쌤(이혜원) (지은이) , 레시피팩토리 , 2021년 2월,5.0,가정/생활
셀러리 주스,"앤서니 윌리엄 (지은이), 황은정 (옮긴이) ", 샨티 , 2022년 5월,4.0,가정/생활
요리 초보자도 맛있게 만드는 일본 가정식 260,"맛있는 일본 요리 연구 모임 (엮은이), 김하경 (옮긴이) ", 시그마북스 , 2016년 11월,4.0,가정/생활
맛있고 배부른 다노 다이어트 레시피,"이지수, 이애리 (지은이) ", 세미콜론 , 2021년 8월,5.0,가정/생활
1일 1쓰레기 1제로,"캐서린 켈로그 (지은이), 박여진 (옮긴이) ", 현대지성 , 2022년 10월,5.0,가정/생활
웨딩플래너는 절대 알려주지 않는 결혼 준비 체크리스트,경기새댁 (지은이) , 유페이퍼 , 2019년 4월,0.0,가정/생활
코바늘 수세미 원데이 클래스,이서진 (지은이) , 길벗 , 2022년 1월,5.0,가정/생활
커피인문학,"박영순 (지은이), 유사랑 (그림) ", 인물과사상사 , 2018년 1월,4.0,가정/생활
오! 이렇게 다양한 오트밀 요리,챱챱테이블 박현주 (지은이) , 레시피팩토리 , 2020년 11월,5.0,가정/생활
베이킹 하다 앳 홈,박정아 (지은이) , 중앙books(중앙북스) , 2022년 2월,5.0,가정/생활
와인이 있는 100가지 장면,"엄정선, 배두환 (지은이), 박이수(박수정) (그림) ", 보틀프레스 , 2021년 9월,5.0,가정/생활
부부 같이 사는 게 기적입니다,김용태 (지은이) , 덴스토리(Denstory) , 2018년 2월,4.0,가정/생활
전셋집이 특별해지는 28가지 인테리어 아이디어,조선이북 편집팀 (지은이) , 조선매거진(조선미디어) , 2013년 6월,0.0,가정/생활
소금 지방 산 열,"사민 노스랏 (지은이), 웬디 맥노튼 (그림), 제효영 (옮긴이), 황의정 (캘리그래피) ", 세미콜론 , 2020년 8월,4.5,가정/생활
사랑을 부르는 커플마사지 : Love in touch,전유진. 전동석 공저 (지은이) , 21세기북스 , 2012년 12월,0.0,가정/생활
실내에서 이끼키우기,"이선희, 박웅택, 정혜원, 이은정 (지은이) ", 플로라 , 2020년 10월,5.0,가정/생활
반찬 없이도 테이블이 완벽해지는 솥밥,킴스쿠킹 (지은이) , 길벗 , 2019년 11월,5.0,가정/생활
새로운 코바늘뜨기의 기본,"부티크사 편집부 (지은이), 남가영 (옮긴이) ", 시그마북스 , 2023년 1월,5.0,가정/생활
반죽부터 다시 시작하는 파운드케이크,하영아 (지은이) , 길벗 , 2021년 10월,5.0,가정/생활
"채식은 어렵지만, 채소 습관",홍성란 (지은이) , 휴머니스트 , 2019년 7월,4.5,가정/생활
"그녀들이 전수하는 밤일비법 : 오럴섹스, 삽입섹스",김지나 (지은이) , 케미북스 , 2014년 10월,0.0,가정/생활
맛있는 커피 레시피,한국커피산업진흥연구원 (지은이) , 아이비라인 , 2017년 12월,5.0,가정/생활
나만의 시크릿 홈카페,예나 (지은이) , 레시피팩토리 , 2021년 5월,5.0,가정/생활
백종원의 혼밥 메뉴,백종원 (지은이) , 서울문화사 , 2019년 5월,3.5,가정/생활
무궁무진한 김밥의 맛,레시피팩토리 라이브러리 (엮은이) , 레시피팩토리 , 2017년 11월,4.5,가정/생활
나는 당신이 작은 얼굴을 가졌으면 좋겠습니다 : 윤곽수술 없이 작고 아름다운 얼굴 만들기,이하영 (지은이) , 미다스북스 , 2019년 6월,5.0,가정/생활
청소가 어려운 엄마들을 위한 기적의 5분 청소 루틴,이재희 (지은이) , 선비북스 , 2021년 4월,0.0,가정/생활
[고화질] R선생님의 간식,"후쿠다 리카 (글), 쿠모타 하루코 (그림) ", artePOP(아르테팝) , 2019년 11월,4.5,가정/생활
혜니쿡의 파스타 다이어리,전혜원(혜니쿡) (지은이) , 책밥 , 2022년 4월,5.0,가정/생활
위스키 테이스팅 코스,"에디 러들로 (지은이), 임지연 (옮긴이) ", 시그마북스 , 2022년 9월,5.0,가정/생활
비만의 종말,"가쓰 데이비스 (지은이), 강신원, 김진영 (옮긴이) ", 사이몬북스 , 2021년 4월,5.0,가정/생활
당신도 느리게 나이 들 수 있습니다,정희원 (지은이) , 더퀘스트 , 2023년 1월,5.0,가정/생활
음식 중독,"마이클 모스 (지은이), 연아람 (옮긴이) ", 민음사 , 2023년 1월,4.5,가정/생활
고통의 비밀,"몬티 라이먼 (지은이), 박선영 (옮긴이) ", 상상스퀘어 , 2022년 11월,5.0,가정/생활
백년 목,정선근 (지은이) , 사이언스북스 , 2018년 7월,4.0,가정/생활
비만코드,"제이슨 펑 (지은이), 제효영 (옮긴이) ", 시그마북스 , 2018년 11월,4.5,가정/생활
식사가 잘못됐습니다,"마키타 젠지 (지은이), 전선영 (옮긴이), 강재헌 (감수) ", 더난출판사 , 2018년 10월,4.0,가정/생활
열방약국 유방암 상담소,김훈하 (지은이) , 리더북스 , 2022년 1월,5.0,가정/생활
건강의 뇌과학,"제임스 굿윈 (지은이), 박세연 (옮긴이) ", 현대지성 , 2022년 7월,5.0,가정/생활
노화의 종말,"매슈 D. 러플랜트, 데이비드 A. 싱클레어 (지은이), 이한음 (옮긴이) ", 부키 , 2020년 8월,4.0,가정/생활
요리하는 다이어터의 맛있게 살 빼는 다이어트 레시피	,이은경 (지은이) , 메가스터디BOOKS	 , 2023년 1월,5.0,가정/생활
김대리의 쉽게 뜨는 요즘 니트,김대리(바늘이야기) (지은이) , 웅진리빙하우스 , 2022년 1월,4.5,가정/생활
맛있게 살 빠지는 고단백 저탄수화물 다이어트 레시피,미니 박지우 (지은이) , 비에이블 , 2020년 7월,5.0,가정/생활
헬스의 정석 : 이론편,수피 (지은이) , 한문화 , 2019년 10월,5.0,가정/생활
식사가 잘못됐습니다 2 실천편,"마키타 젠지 (지은이), 강재헌 (감수) ", 더난출판 , 2020년 12월,4.5,가정/생활
피톨로지 피트니스 영양학,"이호욱, 정자람 (지은이) ", 예문당 , 2021년 9월,3.5,가정/생활
축구를 하며 생각한 것들,손흥민 (지은이) , 브레인스토어 , 2022년 11월,4.5,가정/생활
염증 해방,정세연 (지은이) , 다산라이프 , 2022년 11월,5.0,가정/생활
네 가지 질문 : 내 삶을 바꾸는 경이로운 힘,"스티븐 미첼, 바이런 케이티 (지은이), 김윤 (옮긴이) ", 침묵의향기 , 2020년 2월,5.0,가정/생활
SNPE 바른자세 척추운동  : 100세  시대 현대인들의 필수 운동,"윤지유, 최중기 (지은이) ", 바른몸만들기 , 2020년 2월,5.0,가정/생활
나는 당신이 오래오래 걸었으면 좋겠습니다,"다나카 나오키 (지은이), 송소정 (옮긴이) ", 포레스트북스 , 2018년 5월,4.5,가정/생활
감정 식사,"수잔 앨버스 (지은이), 강유리 (옮긴이), 유은정 (감수) ", 생각속의집 , 2018년 7월,5.0,가정/생활
미라클 브레인 푸드,"우마 나이두 (지은이), 김지혜 (옮긴이) ", 북라이프 , 2021년 5월,5.0,가정/생활
아이패드로 캐릭터 디자인 with 프로크리에이트,"3dtotal Publishing (지은이), 김혜연 (옮긴이) ", 이지스퍼블리싱 (주) , 2022년 4월,5.0,가정/생활
하루 한 끼의 기적,이태근 (지은이) , 정신세계사 , 2016년 12월,4.0,가정/생활
생초보 바둑 첫걸음 세트(전6권),정수현 (지은이) , 21세기북스 , 2013년 12월,0.0,가정/생활
운동 말고 움직임 리셋,홍정기 (지은이) , EBS BOOKS , 2022년 1월,5.0,가정/생활
김남호의 F1 스토리,김남호 (지은이) , 42미디어콘텐츠 , 2023년 2월,0.0,가정/생활
밤의 숨소리,치아(治我) (지은이) , FIKA(피카) , 2021년 3월,5.0,가정/생활
핏블리의 헬스 다이어트 전략집,핏블리(문석기) (지은이) , 비타북스 , 2021년 6월,5.0,가정/생활
헬스의 정석 : 근력운동편,수피 (지은이) , 한문화 , 2016년 7월,5.0,가정/생활
다이어트 불변의 법칙,"하비 다이아몬드 (지은이), 강신원 (옮긴이) ", 사이몬북스 , 2021년 9월,4.5,가정/생활
소식주의자,미즈노 남보쿠 (지은이) , 사이몬북스 , 2022년 5월,4.5,가정/생활
치매의 거의 모든 기록,"웬디 미첼 (지은이), 조진경 (옮긴이) ", 문예춘추사 , 2022년 10월,5.0,가정/생활
핏블리의 다이어트 식단 전략집,"핏블리(문석기), 조은비(핑크힙 응비) (지은이) ", 비타북스 , 2022년 7월,4.5,가정/생활
나는 스마트폰으로 매일 인생사진 찍는다,방쿤 (지은이) , T.W.I.G(티더블유아이지)(주) , 2021년 6월,5.0,가정/생활
먹고 단식하고 먹어라,"브래드 필론 (지은이), 박종윤 (옮긴이), 고수민 (감수) ", 36.5 , 2013년 6월,4.5,가정/생활
섹스 잘하는 남자 만들기,"미츠이 쿄코 (지은이), 스미 신사쿠 (그림), 이솔 (옮긴이) ", S플레이북 , 2014년 1월,4.0,가정/생활
오래도록 젊음을 유지하고 건강하게 죽는 법,"스티븐 R. 건드리 (지은이), 박선영 (옮긴이), 이용승 (감수) ", 브론스테인 , 2019년 12월,4.5,가정/생활
당신이 플라시보다,"조 디스펜자 (지은이), 추미란 (옮긴이) ", 샨티 , 2022년 5월,4.5,가정/생활
의사에게 살해당하지 않는 47가지 방법,"곤도 마코토 (지은이), 이근아 (옮긴이) ", 더난출판사 , 2019년 6월,4.0,가정/생활
"산 음식, 죽은 음식","더글라스 그라함 (지은이), 강신원, 김진영 (옮긴이) ", 사이몬북스 , 2020년 3월,4.5,가정/생활
가장 쉬운 8체질 자가진단,이상원 (지은이) , 문예춘추사 , 2021년 5월,5.0,가정/생활
된다! 깨비의 DSLR&미러리스 사진 수업,박기덕 (지은이) , 이지스퍼블리싱 (주) , 2022년 1월,5.0,가정/생활
처음 만나는 알렉산더 테크닉,김수연 (지은이) , 판미동 , 2022년 5월,5.0,가정/생활
힐링 코드,"알렉산더 로이드, 벤 존슨 (지은이), 이문영 (옮긴이) ", 시공사 , 2022년 8월,4.5,가정/생활
호르몬과 건강의 비밀,요하네스 뷔머 (지은이) , 현대지성 , 2020년 12월,5.0,가정/생활
몸이 아니라고 말할 때,"게이버 메이트 (지은이), 류경희 (옮긴이), 정현채 (감수) ", 김영사 , 2015년 9월,4.5,가정/생활
완경 선언,"제니퍼 건터 (지은이), 김희정, 안진희 (옮긴이) ", 생각의힘 , 2022년 11월,5.0,가정/생활
당뇨코드 : 제2형 당뇨병의 예방과 자연 치유 안내서,"제이슨 펑 (지은이), 이문영 (옮긴이), 이영훈 (감수) ", 라이팅하우스 , 2020년 2월,4.5,가정/생활
케톤하는 몸 : Dr.머콜라의 최강의 저탄고지 교과서,"조셉 머콜라 (지은이), 김보은 (옮긴이), 이영훈 (감수) ", 판미동 , 2020년 1월,5.0,가정/생활
자연식물식 다이어트 30일 챌린지,오공삼(오영세) (지은이) , 21세기북스 , 2020년 1월,4.5,가정/생활
로또 당첨번호 내 꿈속에 있다 (완전판),새하얀 (지은이) , 다차원북스 , 2017년 8월,4.5,가정/생활
30일 5분 달리기,김성우 (지은이) , HB PRESS , 2021년 9월,5.0,가정/생활
축구직업설명서,"김환, 정다워 (지은이) ", 풋볼리스트 , 2016년 12월,4.5,가정/생활
헬스는 쪼렙입니다만,수피 (지은이) , 한문화 , 2023년 1월,0.0,가정/생활
포커 게임의 기술,미래창작연구소 (엮은이) , 21세기북스 , 2015년 3월,0.0,가정/생활
아파도 괜찮아,진정주 (지은이) , 행복에너지 , 2019년 2월,5.0,가정/생활
배철현의 요가수트라 강독 1 : 삼매,배철현 (지은이) , 김영사 , 2023년 1월,5.0,가정/생활
올어바웃바디,이낙림 (지은이) , 치읓 , 2019년 1월,4.5,가정/생활
자동차 인터페이스 디자인,박수레 (지은이) , 책만 , 2022년 7월,5.0,가정/생활
나는 신들의 요양보호사입니다,이은주 (지은이) , 상상+모색 , 2020년 7월,5.0,가정/생활
골프 룰 이것만 알면 된다 2019 大개정,김해환 (지은이) , 골프아카데미 , 2019년 6월,0.0,가정/생활
브레인 리부트,"크리스틴 윌르마이어 (지은이), 김나연 (옮긴이) ", 부키 , 2023년 2월,5.0,가정/생활
치매에 관한 새로운 생각,"티아 파월 (지은이), 제효영 (옮긴이) ", 브론스테인 , 2023년 2월,0.0,가정/생활
최강의 야채수프 2 실천편,"마에다 히로시, 후루사와 야스코 (지은이), 정지영 (옮긴이) ", 문예춘추사 , 2020년 3월,0.0,가정/생활
신비한 물 치료 건강법,"F. 뱃맨겔리지 (지은이), 이수령 (옮긴이) ", 중앙생활사 , 2021년 11월,0.0,가정/생활
병! 도대체 왜 생길까?,손성훈 (지은이) , 북랩 , 2023년 2월,0.0,가정/생활
일단 몸에 힘부터 뺍시다,"야토 야스히로 (지은이), 문혜원 (옮긴이) ", 로그인 , 2023년 2월,4.5,가정/생활
환자혁명,조한경 (지은이) , 에디터 , 2017년 11월,4.5,가정/생활
지방 대사 켜는 스위치온 다이어트,박용우 (지은이) , 루미너스 , 2019년 1월,4.5,가정/생활
다이어트 말고 직관적 식사,"에블린 트리볼리, 엘리스 레시 (지은이), 정지현 (옮긴이) ", 골든어페어 , 2019년 5월,5.0,가정/생활
STOP! SMOKING : 스탑 스모킹,"알렌 카 (지은이), 심교준 (옮긴이) ", 한언출판사 , 2015년 6월,4.5,가정/생활
나는 질병없이 살기로 했다 : 독소를 청소하면 왜 병과 비만은 사라지는가,"하비 다이아몬드 (지은이), 강신원 (옮긴이) ", 사이몬북스 , 2020년 2월,5.0,가정/생활
고엔카의 위빳사나 명상,"S.N. 고엔카 (지은이), 윌리엄 하트 (엮은이), 담마코리아 (옮긴이) ", 김영사 , 2017년 8월,4.5,가정/생활
맥두걸 박사의 자연식물식,"존 A. 맥두걸 (지은이), 강신원 (옮긴이) ", 사이몬북스 , 2018년 10월,4.5,가정/생활
그 여자의 섹스 : 내 남자를 위한 사랑의 기술,"이안 커너 (지은이), 전광철 (옮긴이) ", S플레이북 , 2014년 10월,4.0,가정/생활
호흡의 기술,"제임스 네스터 (지은이), 승영조 (옮긴이) ", 북트리거 , 2021년 5월,4.5,가정/생활
사계절 손뜨개 양말,이상미 (지은이) , 미호 , 2021년 5월,5.0,가정/생활
섹스의 기술 (합본),이영기 (지은이) , 볼륨 , 2012년 8월,0.0,가정/생활
"아무튼, 요가 : 흐름에 몸을 맡기며 오로지 나에게 집중하는 것",박상아 (지은이) , 위고 , 2019년 5월,4.0,가정/생활
독소를 비우는 몸,"지미 무어, 제이슨 펑 (지은이), 이문영 (옮긴이), 양준상 (감수) ", 라이팅하우스 , 2018년 8월,4.5,가정/생활
다이어트는 왜 우리를 살찌게 하는가,"샌드라 아모트 (지은이), 장혜인 (옮긴이) ", 포레스트북스 , 2021년 6월,4.5,가정/생활
조현병의 모든 것,"E. 풀러 토리 (지은이), 정지인 (옮긴이), 권준수 (감수) ", 심심 , 2021년 5월,5.0,가정/생활
오늘의 키토식,"키토제닉 다이어트 카페 (지은이), 정명일 (감수) ", 길벗 , 2019년 11월,5.0,가정/생활
늙지 않는 비밀,"엘리자베스 블랙번, 엘리사 에펠 (지은이), 이한음 (옮긴이) ", 알에이치코리아(RHK) , 2018년 3월,4.5,가정/생활
나는 왜 영양제를 처방하는 의사가 되었나,여에스더 (지은이) , 메디치미디어 , 2016년 1월,4.0,가정/생활
맛있는 게 좋아서 양조절 다이어트,한아름 (지은이) , 길벗 , 2022년 6월,4.5,가정/생활
일상을 담는 아이패드 드로잉,이이오 (지은이) , 한빛라이프 , 2022년 3월,5.0,가정/생활
필라테스 바이블,"조셉 필라테스 (지은이), 저드 로빈스, 린 반 휴트-로빈스 (엮은이), 원정희 (옮긴이) ", 판미동 , 2020년 11월,4.0,가정/생활
새로 만든 내몸 사용 설명서,"마이클 로이젠, 메멧 오즈 (지은이), 유태우 (옮긴이) ", 김영사 , 2014년 2월,4.5,가정/생활
차민수 TEXAS HOLD'EM,차민수 (지은이) , 티나 , 2021년 10월,4.0,가정/생활
당신은 개를 키우면 안 된다,강형욱 (지은이) , 혜다 , 2020년 1월,5.0,가정/생활
내 강아지 마음 상담소,강형욱 (지은이) , 혜다 , 2020년 2월,5.0,가정/생활
내 얼굴 비대칭?,김담희 (지은이) , 휴머니스트 , 2022년 4월,5.0,가정/생활
달리기의 모든 것,남혁우 (지은이) , 매일경제신문사 , 2022년 3월,5.0,가정/생활
병의 90％는 걷기만 해도 낫는다,"나가오 가즈히로 (지은이), 이선정 (옮긴이) ", 북라이프 , 2016년 9월,4.0,가정/생활
코로나 미스터리,김상수 (지은이) , 에디터 , 2020년 12월,5.0,가정/생활
"말기 암 진단 10년, 건강하게 잘 살고 있습니다",주마니아 (지은이) , 에디터 , 2022년 11월,5.0,가정/생활
간헐적 단식? 내가 한 번 해보지! : 3인 3색 간헐적 단식 체험기,"아놀드 홍, 에스더 킴, 임세찬 (지은이) ", 한국경제신문 , 2019년 9월,5.0,가정/생활
과식하지 않는 삶,"이시구로 세이지 (지은이), 전선영 (옮긴이) ", 머스트리드북 , 2022년 4월,5.0,가정/생활
사이토 히토리의 1퍼센트 부자의법칙,"사이토 히토리 (지은이), 김진아 (옮긴이) ", 나비스쿨 , 2023년 2월,5.0,경제/비즈니스
원씽,"게리 켈러, 제이 파파산 (지은이), 구세희 (옮긴이) ", 비즈니스북스 , 2013년 8월,4.0,경제/비즈니스
역행자,자청 (지은이) , 웅진지식하우스 , 2022년 5월,4.0,경제/비즈니스
주식투자 최적의 타이밍을 잡는 법,"스탠 와인스타인 (지은이), 우승택 (옮긴이) ", 플로우 , 2021년 2월,4.5,경제/비즈니스
보도 섀퍼 부의 레버리지,"보도 섀퍼 (지은이), 한윤진 (옮긴이) ", 비즈니스북스 , 2023년 2월,5.0,경제/비즈니스
마케팅 설계자,"러셀 브런슨 (지은이), 이경식 (옮긴이) ", 윌북 , 2022년 12월,5.0,경제/비즈니스
Stick 스틱! (15주년 기념판),"칩 히스, 댄 히스 (지은이), 안진환 (옮긴이) ", 웅진지식하우스 , 2022년 10월,5.0,경제/비즈니스
장단기 투자의 비밀,"래리 윌리엄스 (지은이), 이은주 (옮긴이) ", 이레미디어 , 2023년 1월,4.0,경제/비즈니스
AI 2041,"리카이푸, 천치우판 (지은이), 이현 (옮긴이) ", 한빛비즈 , 2023년 1월,5.0,경제/비즈니스
주식투자 무작정 따라하기 (최신개정판),윤재수 (지은이) , 길벗 , 2023년 2월,5.0,경제/비즈니스
부자 아빠 가난한 아빠 20주년 특별 기념판 [부자 아빠 가난한 아빠 1 개정증보판],"로버트 기요사키 (지은이), 안진환 (옮긴이) ", 민음인 , 2018년 4월,4.0,경제/비즈니스
돈의 심리학,"모건 하우절, 이지연 (지은이) ", 인플루엔셜(주) , 2021년 1월,4.5,경제/비즈니스
"돈, 뜨겁게 사랑하고 차갑게 다루어라","앙드레 코스톨라니 (지은이), 한윤진 (옮긴이) ", 미래의창 , 2022년 4월,4.5,경제/비즈니스
가진 돈은 몽땅 써라,"호리에 다카후미 (지은이), 윤지나 (옮긴이) ", 쌤앤파커스 , 2022년 6월,4.0,경제/비즈니스
트렌드 코리아 2023,"김난도, 전미영, 최지혜 (지은이) ", 미래의창 , 2022년 10월,4.0,경제/비즈니스
전설로 떠나는 월가의 영웅,"피터 린치, 존 로스차일드 (지은이), 이건 (옮긴이) ", 국일증권경제연구소 , 2021년 8월,5.0,경제/비즈니스
"뇌, 욕망의 비밀을 풀다","한스-게오르크 호이젤 (지은이), 한윤진, 강영옥, 김신종 (옮긴이) ", 비즈니스북스 , 2019년 9월,4.5,경제/비즈니스
부의 추월차선 (10주년 스페셜 에디션),"엠제이 드마코 (지은이), 신소영 (옮긴이) ", 토트 , 2022년 2월,4.0,경제/비즈니스
브라질에 비가 내리면 스타벅스 주식을 사라,"피터 나바로 (지은이), 이창식 (옮긴이), 윤지호 (감수) ", 에프엔미디어 , 2022년 5월,4.0,경제/비즈니스
아파트 투자는 사이클이다,이현철 (지은이) , 여의도책방 , 2022년 11월,4.0,경제/비즈니스
금리의 역습,"에드워드 챈슬러 (지은이), 임상훈 (옮긴이) ", 위즈덤하우스 , 2023년 2월,5.0,경제/비즈니스
유난한 도전,정경화 (지은이) , 북스톤 , 2022년 11월,5.0,경제/비즈니스
언스크립티드  : 부의 추월차선 완결판,"엠제이 드마코 (지은이), 안시열 (옮긴이) ", 토트 , 2018년 1월,4.5,경제/비즈니스
거인의 어깨 1,홍진채 (지은이) , 포레스트북스 , 2022년 12월,5.0,경제/비즈니스
내 통장 구제하기 프로젝트,이삭 (지은이) , 알에이치코리아(RHK) , 2023년 1월,5.0,경제/비즈니스
장사의 神 (200쇄 기념 블랙 에디션),"우노 다카시 (지은이), 김문정 (옮긴이) ", 쌤앤파커스 , 2023년 1월,0.0,경제/비즈니스
초거대 위협,"누리엘 루비니 (지은이), 박슬라 (옮긴이) ", 한국경제신문 , 2023년 2월,5.0,경제/비즈니스
슈퍼 팩트,"팀 하포드 (지은이), 김태훈 (옮긴이) ", 세종(세종서적) , 2023년 2월,5.0,경제/비즈니스
부자의 그릇,"이즈미 마사토 (지은이), 김윤수 (옮긴이) ", 다산북스 , 2020년 12월,4.5,경제/비즈니스
돈의 속성,김승호 (지은이) , 스노우폭스북스 , 2022년 3월,4.5,경제/비즈니스
나는 장사의 신이다,은현장 (지은이) , 떠오름 , 2021년 12월,5.0,경제/비즈니스
군중의 망상,"윌리엄 번스타인 (지은이), 노윤기 (옮긴이) ", 포레스트북스 , 2023년 1월,5.0,경제/비즈니스
솔직히 회계 1도 모르겠습니다,"고야마 아키히로 (지은이), 김지낭 (옮긴이) ", 포레스트북스 , 2022년 7월,5.0,경제/비즈니스
챗GPT,반병현 (지은이) , 생능북스 , 2023년 2월,4.5,경제/비즈니스
브랜드로부터 배웁니다,김도영 (지은이) , 위즈덤하우스 , 2023년 2월,5.0,경제/비즈니스
일의 격,신수정 (지은이) , 턴어라운드 , 2022년 1월,5.0,경제/비즈니스
거인의 어깨 2,홍진채 (지은이) , 포레스트북스 , 2022년 12월,5.0,경제/비즈니스
경제파국으로 치닫는 금융위기,최용식 (지은이) , 새빛 , 2022년 12월,4.0,경제/비즈니스
스토리만이 살길,"리사 크론 (지은이), 홍한결 (옮긴이) ", 부키 , 2022년 6월,4.5,경제/비즈니스
"개장 전, 아직 켜지지 않은 모니터 앞에서",강민우(돈깡) (지은이) , 이레미디어 , 2021년 12월,4.5,경제/비즈니스
2023 대한민국 산업지도,이래학 (지은이) , 경이로움 , 2023년 1월,4.5,경제/비즈니스
반도체 삼국지,권석준 (지은이) , 뿌리와이파리 , 2023년 2월,4.0,경제/비즈니스
나의 월급 독립 프로젝트 (리마스터 에디션),유목민 (지은이) , 리더스북 , 2022년 11월,5.0,경제/비즈니스
생각에 관한 생각,"대니얼 카너먼 (지은이), 이창신 (옮긴이) ", 김영사 , 2018년 4월,4.5,경제/비즈니스
기브 앤 테이크,"애덤 그랜트 (지은이), 윤태준 (옮긴이) ", 생각연구소 , 2013년 12월,4.5,경제/비즈니스
영화를 빨리 감기로 보는 사람들,"이나다 도요시 (지은이), 황미숙 (옮긴이) ", 현대지성 , 2022년 11월,5.0,경제/비즈니스
현명한 투자자 1,"벤저민 그레이엄 (지은이), 이건 (옮긴이), 신진오 (감수) ", 국일증권경제연구소 , 2020년 7월,4.5,경제/비즈니스
제로 투 원,"피터 틸, 블레이크 매스터스 (지은이), 이지연 (옮긴이) ", 한국경제신문 , 2021년 10월,5.0,경제/비즈니스
무기가 되는 스토리 : 브랜드 전쟁에서 살아남는 7가지 문장 공식,"도널드 밀러 (지은이), 이지연 (옮긴이) ", 윌북 , 2018년 9월,4.5,경제/비즈니스
무조건 팔리는 카피,"글렌 피셔 (지은이), 박지혜 (옮긴이) ", 동양북스(동양문고) , 2023년 1월,5.0,경제/비즈니스
배터리 전쟁,"루카스 베드나르스키 (지은이), 안혜림 (옮긴이) ", 위즈덤하우스 , 2023년 1월,4.0,경제/비즈니스
경제 상식사전,김민구 (지은이) , 길벗 , 2022년 1월,5.0,경제/비즈니스
기후위기 부의 대전환,홍종호 (지은이) , 다산북스 , 2023년 1월,4.5,경제/비즈니스
MBC 14층 사람들은 이렇게 기획합니다,"손재일, 전기영 (지은이) ", 21세기북스 , 2023년 1월,5.0,경제/비즈니스
백만장자 시크릿,"하브 에커 (지은이), 나선숙 (옮긴이) ", 알에이치코리아(RHK) , 2020년 8월,4.5,경제/비즈니스
엑시트 EXIT,송희창(송사무장) (지은이) , 지혜로 , 2020년 11월,5.0,경제/비즈니스
주식 공부 5일 완성,박민수(샌드 타이거 샤크) (지은이) , 비즈니스북스 , 2021년 1월,5.0,경제/비즈니스
나는 돈이 없어도 사업을 한다,"프레이저 도허티 (지은이), 박홍경 (옮긴이), 명승은 (감수) ", 비즈니스북스 , 2017년 10월,4.5,경제/비즈니스
머니 트렌드 2023,"김경민, 김도윤, 부동산읽어주는남자(정태익) (지은이) ", 북모먼트 , 2022년 12월,5.0,경제/비즈니스
피터 린치의 투자 이야기,"피터 린치, 존 로스차일드 (지은이), 고영태 (옮긴이) ", 흐름출판 , 2021년 12월,5.0,경제/비즈니스
경제 뉴스가 그렇게 어렵습니까?,이상민 (지은이) , 빨간소금 , 2023년 1월,4.0,경제/비즈니스
AI 혁명의 미래,"정인성, 최홍섭 (지은이) ", 이레미디어 , 2023년 1월,4.5,경제/비즈니스
엘리어트 파동이론 마스터,"글렌 닐리 (지은이), 정인지 (그림) ", 원앤원북스 , 2023년 2월,4.0,경제/비즈니스
세금의 흑역사,"조엘 슬렘로드, 마이클 킨 (지은이), 홍석윤 (옮긴이) ", 세종(세종서적) , 2023년 1월,5.0,경제/비즈니스
실리콘밸리의 실험실,"스테판 H. 톰키 (지은이), 안진환 (옮긴이) ", 한국경제신문 , 2023년 2월,4.5,경제/비즈니스
넛지 : 파이널 에디션,"리처드 H. 탈러, 캐스 R. 선스타인 (지은이), 이경식 (옮긴이) ", 리더스북 , 2022년 6월,4.5,경제/비즈니스
월급쟁이 부자로 은퇴하라 (10만 부 돌파 기념 증보판),너나위 (지은이) , 알에이치코리아(RHK) , 2022년 7월,4.5,경제/비즈니스
찰리 멍거 바이블,"이건, 김재현 (지은이) ", 에프엔미디어 , 2022년 12월,4.5,경제/비즈니스
부동산을 공부할 결심,배문성 (지은이) , 어바웃어북 , 2022년 11월,5.0,경제/비즈니스
퀀트투자 무작정 따라하기,강환국 (지은이) , 길벗 , 2022년 10월,4.5,경제/비즈니스
실전투자의 비밀,김형준 (지은이) , 이레미디어 , 2021년 6월,4.5,경제/비즈니스
인스파이어드,"마티 케이건 (지은이), 황진수 (옮긴이) ", 제이펍 , 2020년 1월,4.0,경제/비즈니스
김경필의 오늘은 짠테크 내일은 플렉스,김경필 (지은이) , 김영사 , 2022년 7월,5.0,경제/비즈니스
창발의 시대,"패트릭 와이먼 (지은이), 장영재 (옮긴이) ", 로크미디어 , 2022년 11월,0.0,경제/비즈니스
브랜드로 남는다는 것,홍성태 (지은이) , 북스톤 , 2022년 11월,0.0,경제/비즈니스
워런 버핏의 주주 서한,"워런 버핏 (지은이), 로렌스 커닝험 (엮은이), 이건 (옮긴이) ", 에프엔미디어 , 2022년 8월,5.0,경제/비즈니스
사업의 철학,"마이클 E. 거버 (지은이), 이제용 (옮긴이) ", 라이팅하우스 , 2015년 9월,4.5,경제/비즈니스
노마드 투자자 서한,"닉 슬립 (지은이), 생각의여름(김태진), generalfox(변영진) (옮긴이) ", 더퀘스트 , 2022년 12월,5.0,경제/비즈니스
피터 린치의 이기는 투자,"피터 린치, 존 로스차일드 (지은이), 권성희 (옮긴이) ", 흐름출판 , 2021년 12월,5.0,경제/비즈니스
주택청약의 모든 것,한국부동산원 (지은이) , 한빛비즈 , 2022년 11월,5.0,경제/비즈니스
주식 차트 단타 매매,e북스토리지 (지은이) , 유페이퍼 , 2021년 11월,5.0,경제/비즈니스
네이버 블로그로 돈 벌기,김동석 (지은이) , 한빛미디어 , 2021년 10월,4.5,경제/비즈니스
"두려움 없는 조직 : 심리적 안정감은 어떻게 조직의 학습, 혁신, 성장을 일으키는가","에이미 에드먼슨 (지은이), 최윤영 (옮긴이) ", 다산북스 , 2019년 10월,4.5,경제/비즈니스
서울 부동산 절대원칙,김학렬(빠숑) (지은이) , 길벗 , 2023년 1월,5.0,경제/비즈니스
노르웨이처럼 투자하라,"클레멘스 봄스도르프 (지은이), 김세나 (옮긴이) ", 미래의창 , 2019년 1월,4.5,경제/비즈니스
주식 단타로 매일매일 벌어봤어?,양선호 (지은이) , 넥서스 , 2022년 4월,4.0,경제/비즈니스
하마터면 또 회계를 모르고 일할 뻔했다!,"김수헌, 이재홍 (지은이) ", 어바웃어북 , 2022년 12월,4.5,경제/비즈니스
좋은 기업을 넘어 위대한 기업으로 (20주년 뉴에디션),"짐 콜린스 (지은이), 이무열 (옮긴이) ", 김영사 , 2022년 12월,3.5,경제/비즈니스
인간 본성 불패의 법칙,"데이비드 숀설, 로런 노드그런 (지은이), 이지연 (옮긴이) ", 다산북스 , 2022년 10월,4.5,경제/비즈니스
1페이지 마케팅 플랜,"앨런 딥 (지은이), 홍석윤 (옮긴이) ", 알파미디어 , 2023년 1월,5.0,경제/비즈니스
정부지원사업 합격 사업계획서 쓰는 법,이혁재 (지은이) , 한국학술정보 , 2019년 1월,4.5,경제/비즈니스
퍼포먼스 마케팅 첫걸음 : 취업부터 실무까지,이다혜 (지은이) , 비제이퍼블릭 , 2023년 2월,0.0,경제/비즈니스
"존 리, 새로운 10년의 시작",존 리 (지은이) , 김영사 , 2023년 2월,5.0,경제/비즈니스
서울 자가에 대기업 다니는 김 부장 이야기 2 : 정 대리.권 사원 편,송희구 (지은이) , 서삼독 , 2021년 9월,4.5,경제/비즈니스
소수몽키의 한 권으로 끝내는 미국주식,소수몽키(홍승초) (지은이) , 길벗 , 2021년 4월,4.5,경제/비즈니스
EBS 다큐프라임 자본주의,EBS 자본주의 제작팀 (지은이) , 가나출판사 , 2015년 5월,4.5,경제/비즈니스
내가 알고 있는 걸 당신도 알게 된다면 (리커버 에디션),"칼 필레머 (지은이), 박여진 (옮긴이) ", 토네이도 , 2022년 8월,5.0,경제/비즈니스
아이디어 불패의 법칙,"알베르토 사보이아 (지은이), 이지연 (옮긴이) ", 인플루엔셜(주) , 2020년 6월,5.0,경제/비즈니스
대출의 마법,레오(김은진) (지은이) , 다산북스 , 2022년 8월,5.0,경제/비즈니스
마케팅이다,"세스 고딘 (지은이), 김태훈 (옮긴이) ", 쌤앤파커스 , 2019년 9월,4.5,경제/비즈니스
데미안 (한글판),"헤르만 헤세 (지은이), 이순학 (옮긴이) ", 더클래식 , 2012년 10월,4.5,문학
싯다르타,"헤르만 헤세 (지은이), 박병덕 (옮긴이) ", 민음사 , 2014년 1월,4.5,문학
이방인 (한글판),"알베르 카뮈 (지은이), 베스트트랜스 (옮긴이) ", 더클래식 , 2012년 8월,4.0,문학
사랑의 기술 (개정판),"에리히 프롬 (지은이), 황문수 (옮긴이) ", 문예출판사 , 2019년 9월,4.0,문학
어린 왕자 (한글+영문),"앙투안 드 생텍쥐페리 (지은이), 베스트트랜스 (옮긴이) ", 더클래식 , 2012년 4월,5.0,문학
노인과 바다 (한글+영문판),"어니스트 헤밍웨이 (지은이), 베스트트랜스 (옮긴이) ", 더클래식 , 2013년 6월,5.0,문학
종의 기원,"찰스 로버트 다윈 (지은이), 장대익 (옮긴이), 최재천 (감수), 다윈 포럼 (기획) ", 사이언스북스 , 2023년 2월,4.5,문학
멋진 신세계,"올더스 헉슬리 (지은이), 안정효 (옮긴이) ", 소담출판사 , 2018년 6월,4.5,문학
1984 (한글+영문),"조지 오웰 (지은이), 정영수 (옮긴이) ", 더클래식 , 2013년 5월,5.0,문학
데미안 (한글+영문),"헤르만 헤세 (지은이), 이순학 (옮긴이) ", 더클래식 , 2013년 1월,4.5,문학
달과 6펜스,"서머싯 몸 (지은이), 송무 (옮긴이) ", 민음사 , 2013년 3월,4.5,문학
키다리 아저씨 (한글판 + 영문판),"진 웹스터 (지은이), 허윤정 (옮긴이) ", 더클래식 , 2015년 9월,4.5,문학
폭풍의 언덕 (한글판 + 영문판),"에밀리 브론테 (지은이), 김명신 (옮긴이) ", 더클래식 , 2014년 11월,4.5,문학
1984,"조지 오웰 (지은이), 정회성 (옮긴이) ", 민음사 , 2012년 7월,4.5,문학
오만과 편견 (한글판),"제인 오스틴 (지은이), 김유미 (옮긴이) ", 더클래식 , 2013년 5월,4.0,문학
노인과 바다 (한글),"어니스트 헤밍웨이 (지은이), 이수정 (옮긴이) ", 더클래식 , 2012년 11월,4.0,문학
차라투스트라는 이렇게 말했다,"프리드리히 니체 (지은이), 장희창 (옮긴이) ", 민음사 , 2012년 10월,4.0,문학
아리스토텔레스 시학 (그리스어 원전 완역본),"아리스토텔레스 (지은이), 박문재 (옮긴이) ", 현대지성 , 2021년 3월,5.0,문학
젊은 베르터의 슬픔,"요한 볼프강 폰 괴테 (지은이), 김해생 (옮긴이), 이동현, 김미소, 원종준 (낭독) ", 별글 , 2020년 2월,5.0,문학
오만과 편견 (한글+영문판),"제인 오스틴 (지은이), 김유미 (옮긴이) ", 더클래식 , 2013년 5월,3.5,문학
이방인,"알베르 카뮈 (지은이), 김화영 (옮긴이) ", 민음사 , 2020년 12월,4.5,문학
데미안: 오리지널 초판본,"헤르만 헤세 (지은이), 이미영 (옮긴이), 김선형 (해설) ", 코너스톤 , 2017년 2월,5.0,문학
군주론,"니콜로 마키아벨리 (지은이), 이시연 (옮긴이) ", 더클래식 , 2018년 11월,4.5,문학
사람은 무엇으로 사는가 (한글+영문),"레프 니콜라예비치 톨스토이 (지은이), 장영재 (옮긴이) ", 더클래식 , 2012년 7월,4.0,문학
명상록 : 철학자 황제가 전쟁터에서 자신에게 쓴 일기,"마르쿠스 아우렐리우스 (지은이), 박문재 (옮긴이) ", 현대지성 , 2018년 4월,4.5,문학
동물농장,"조지 오웰 (지은이), 신동운 (옮긴이) ", 스타북스 , 2020년 4월,4.5,문학
페스트 (한글판+영문),"알베르 카뮈 (지은이), 변광배 (옮긴이) ", 미르북컴퍼니 , 2014년 6월,4.5,문학
픽션들,"호르헤 루이스 보르헤스 (지은이), 송병선 (옮긴이) ", 민음사 , 2018년 11월,4.5,문학
죄와 벌 (상),"표도르 도스토옙스키 (지은이), 홍대화 (옮긴이) ", 열린책들 , 2011년 5월,5.0,문학
신곡 인페르노(지옥) : 한글판,"단테 알리기에리 (지은이), 이시연 (옮긴이) ", 더클래식 , 2013년 8월,0.0,문학
논어 - 손 안의 고전,황종원 (지은이) , 서책 , 2013년 1월,4.5,문학
비밀의 화원,"프랜시스 호지슨 버넷 (지은이), 박혜원 (옮긴이) ", 더클래식 , 2022년 5월,0.0,문학
어린 왕자 (한글판),"앙투안 드 생텍쥐페리 (지은이), 김미정 (옮긴이) ", 더클래식 , 2012년 6월,4.5,문학
그리스인 조르바 (한글판),"니코스 카잔자키스 (지은이), 베스트트랜스 (옮긴이) ", 더클래식 , 2012년 6월,4.0,문학
동물 농장,"조지 오웰 (지은이), 도정일 (옮긴이) ", 민음사 , 2012년 7월,4.5,문학
두 도시 이야기 (한글+영문판),"찰스 디킨스 (지은이), 신윤진, 이수진 (옮긴이) ", 더클래식 , 2013년 6월,5.0,문학
햄릿 (한글+영문판),"윌리엄 셰익스피어 (지은이), 한우리 (옮긴이) ", 더클래식 , 2013년 6월,5.0,문학
소크라테스의 변명·크리톤·파이돈·향연 (그리스어 원전 완역본) : 플라톤의 대화편,"플라톤 (지은이), 박문재 (옮긴이) ", 현대지성 , 2019년 12월,5.0,문학
노인과 바다,"어니스트 헤밍웨이 (지은이), 김욱동 (옮긴이) ", 민음사 , 2012년 7월,4.5,문학
오즈의 마법사 (한글+영문),"라이먼 프랭크 바움 (지은이), 윌리엄 월리스 덴슬로우 (그림), 손인혜 (옮긴이) ", 더클래식 , 2013년 5월,3.0,문학
어린 왕자,황현산 (옮긴이) , 열린책들 , 2015년 10월,5.0,문학
죄와 벌 (하),"표도르 도스토옙스키 (지은이), 홍대화 (옮긴이) ", 열린책들 , 2011년 5월,4.5,문학
자유론 (개정판),"존 스튜어트 밀 (지은이), 서병훈 (옮긴이) ", 책세상 , 2018년 4월,4.5,문학
오만과 편견,"제인 오스틴 (지은이), 엄자현 (옮긴이), 김미소, 조영철, 양여경, 원종준 (낭독) ", 별글 , 2020년 2월,4.5,문학
수레바퀴 아래서,"헤르만 헤세 (지은이), 이순학 (옮긴이) ", 더클래식 , 2013년 1월,5.0,문학
오셀로 (한글판 + 영문판),"윌리엄 셰익스피어 (지은이), 김민애 (옮긴이) ", 더클래식 , 2015년 1월,0.0,문학
초판본 한중록,"혜경궁 홍씨 (지은이), 박병성 (옮긴이) ", 더스토리 , 2020년 4월,5.0,문학
키다리 아저씨 2 : 그 후 이야기 (한글판 + 영문판),"진 웹스터 (지은이), 서현정 (옮긴이) ", 더클래식 , 2015년 11월,0.0,문학
서부 전선 이상 없다 - 열린책들 세계문학 67,"에리히 마리아 레마르크 (지은이), 홍성광 (옮긴이) ", 열린책들 , 2017년 3월,4.5,문학
위대한 개츠비,"프랜시스 스콧 피츠제럴드 (지은이), 김소연 (옮긴이), 안재영, 원종준, 김미소 (낭독) ", 별글 , 2020년 2월,5.0,문학
나는 논어를 만나 행복해졌다,"판덩 (지은이), 이서연 (옮긴이) ", 미디어숲 , 2023년 1월,5.0,문학
이방인,"알베르 카뮈 (지은이), 유기환 (옮긴이) ", 현대지성 , 2023년 2월,5.0,문학
만화로 보는 일리아스,동사원형 (지은이) , 한빛비즈 , 2023년 2월,5.0,문학
위대한 개츠비 (한글판),"프랜시스 스콧 피츠제럴드 (지은이), 이기선 (옮긴이) ", 더클래식 , 2012년 7월,5.0,문학
데미안,"헤르만 헤세 (지은이), 전영애 (옮긴이) ", 민음사 , 2020년 12월,4.5,문학
사람은 무엇으로 사는가 (한글판),"레프 니콜라예비치 톨스토이 (지은이), 장영재 (옮긴이) ", 더클래식 , 2012년 8월,4.0,문학
오만과 편견,"제인 오스틴 (지은이), 윤지관, 전승희 (옮긴이) ", 민음사 , 2012년 7월,4.5,문학
[합본] 웃는 남자 (전3권) (한글판),"빅토르 위고 (지은이), 백연주 (옮긴이) ", 더클래식 , 2018년 3월,0.0,문학
그리스인 조르바 - 열린책들 세계문학 021,"니코스 카잔자키스 (지은이), 이윤기 (옮긴이) ", 열린책들 , 2011년 6월,4.5,문학
침묵의 봄,"레이첼 카슨 (지은이), 김은령 (옮긴이), 홍욱희 (감수) ", 에코리브르 , 2018년 4월,4.5,문학
동물농장 (한글),조지 오웰 (지은이) , 미르북컴퍼니 , 2020년 2월,5.0,문학
제인에어 1(한글+영문),"샬럿 브론테 (지은이), 나선숙 (옮긴이) ", 더클래식 , 2014년 7월,5.0,문학
초판본 걸리버 여행기 (무삭제 완역본),"조너선 스위프트 (지은이), 류경희 (옮긴이) ", 더스토리 , 2020년 4월,4.5,문학
빨강머리 앤 : 더클래식 세계문학 컬렉션 한글판 104,"루시 모드 몽고메리 (지은이), M.A. & W. A. J. 클라우스 (그림), 박혜원 (옮긴이) ", 더클래식 , 2018년 1월,5.0,문학
바냐 아저씨 (한글판),"안톤 파블로비치 체호프 (지은이), 장한 (옮긴이) ", 더클래식 , 2014년 6월,5.0,문학
맥베스 (한글+영문판),"윌리엄 셰익스피어 (지은이), 한우리 (옮긴이) ", 더클래식 , 2013년 8월,0.0,문학
이솝 이야기 1 (한글+영문),이솝 (지은이) , 미르북컴퍼니 , 2014년 6월,5.0,문학
변신 (한글판 + 영문판),"프란츠 카프카 (지은이), 한영란 (옮긴이) ", 더클래식 , 2015년 4월,0.0,문학
카라마조프가의 형제들 1 : 더클래식 세계문학 컬렉션 096,"표도르 도스토옙스키 (지은이), 장한 (옮긴이) ", 더클래식 , 2018년 12월,5.0,문학
민음사 세계문학전집 1-400 카탈로그,민음사 편집부 (지은이) , 민음사 , 2022년 5월,0.0,문학
체호프 단편선,"안톤 파블로비치 체호프 (지은이), 박현섭 (옮긴이) ", 민음사 , 2012년 10월,4.5,문학
인형의 집,"헨리크 입센 (지은이), 안미란 (옮긴이) ", 민음사 , 2012년 7월,4.5,문학
프랑켄슈타인 - 세계문학전집 094,"메리 셸리 (지은이), 김선형 (옮긴이) ", 문학동네 , 2012년 6월,4.5,문학
이솝 이야기 2 (한글+영문),이솝 (지은이) , 미르북컴퍼니 , 2014년 6월,0.0,문학
별 (한글판 + 영문판),"알퐁스 도데 (지은이), 조정훈 (옮긴이) ", 더클래식 , 2015년 1월,0.0,문학
싯다르타 (한글판),"헤르만 헤세 (지은이), 박진권 (옮긴이) ", 더클래식 , 2017년 4월,0.0,문학
미녀와 야수 (한글판 + 영문판),"쟌 마리 르 프랭스 드 보몽 (지은이), 최헵시바 (옮긴이) ", 미르북컴퍼니 , 2014년 11월,0.0,문학
젊은 시인에게 보내는 편지,"라이너 마리아 릴케 (지은이), 송영택 (옮긴이) ", 문예출판사 , 2018년 5월,4.0,문학
거미여인의 키스,"마누엘 푸익 (지은이), 송병선 (옮긴이) ", 민음사 , 2018년 11월,4.5,문학
데카메론 1,"조반니 보카치오 (지은이), 박상진 (옮긴이) ", 민음사 , 2012년 11월,4.5,문학
페스트,"알베르 카뮈 (지은이), 서상원 (옮긴이) ", 스타북스 , 2020년 3월,4.5,문학
고리오 영감,박영근 (옮긴이) , 민음사 , 2012년 8월,4.0,문학
오셀로,"윌리엄 셰익스피어 (지은이), 최종철 (옮긴이) ", 민음사 , 2013년 2월,4.5,문학
카라마조프가의 형제들 1,"표도르 도스토옙스키 (지은이), 이가영 (옮긴이), 최행규 (해설) ", 코너스톤 , 2021년 11월,5.0,문학
니코마코스 윤리학,"아리스토텔레스 (지은이), 박문재 (옮긴이) ", 현대지성 , 2022년 2월,5.0,문학
카라마조프가의 형제들 2,"표도르 도스토옙스키 (지은이), 이가영 (옮긴이), 최행규 (해설) ", 코너스톤 , 2021년 11월,0.0,문학
검은 튤립,"알렉상드르 뒤마 (지은이), 송진석 (옮긴이) ", 민음사 , 2012년 10월,4.0,문학
채털리 부인의 연인 2,"데이비드 허버트 로렌스 (지은이), 이인규 (옮긴이) ", 민음사 , 2013년 4월,4.0,문학
우신예찬,"에라스무스 (지은이), 박문재 (옮긴이) ", 현대지성 , 2022년 10월,5.0,문학
마음을 따뜻하게 해주는 불교명언,그림책편집기획팀 (지은이) , 그림책 , 2012년 10월,5.0,문학
릴케 단편선 - 문예 세계문학선 121,"라이너 마리아 릴케 (지은이), 송영택 (옮긴이) ", 문예출판사 , 2016년 3월,4.5,문학
사람은 무엇으로 사는가,"레프 니콜라예비치 톨스토이 (지은이), 이항재 (옮긴이) ", 문학동네 , 2023년 2월,5.0,문학
인간과 동물의 감정 표현,"찰스 로버트 다윈 (지은이), 김성한 (옮긴이), 최재천 (감수), 다윈 포럼 (기획) ", 사이언스북스 , 2023년 2월,5.0,문학
두 도시 이야기 (한글판),"찰스 디킨스 (지은이), 신윤진, 이수진 (옮긴이) ", 더클래식 , 2012년 11월,4.5,문학
안나 카레니나 - 더클래식 세계문학 스페셜 에디션,"레프 니콜라예비치 톨스토이 (지은이), 장영재 (옮긴이) ", 더클래식 , 2017년 8월,5.0,문학
젊은 베르테르의 슬픔 (한글+영문판),"요한 볼프강 폰 괴테 (지은이), 허승진 (옮긴이) ", 더클래식 , 2013년 6월,4.0,문학
이상한 나라의 앨리스,"루이스 캐럴 (지은이), 존 테니얼 (그림), 베스트트랜스 (옮긴이) ", 더클래식 , 2013년 1월,5.0,문학
수레바퀴 아래서 (한글판),"헤르만 헤세 (지은이), 이순학 (옮긴이) ", 더클래식 , 2013년 6월,4.0,문학
문예춘추사 셜록 홈즈 전집 세트 (전 10권),"아서 코난 도일 (지은이), 박상은 (옮긴이) ", 문예춘추사 , 2012년 12월,4.0,문학
그리스인 조르바 (한글+영문판),"니코스 카잔자키스 (지은이), 베스트트랜스 (옮긴이) ", 더클래식 , 2013년 6월,4.5,문학
물고기는 존재하지 않는다,"룰루 밀러 (지은이), 정지인 (옮긴이) ", 곰출판 , 2022년 1월,4.0,자연/과학
정리하는 뇌,"대니얼 J. 레비틴 (지은이), 김성훈 (옮긴이) ", 와이즈베리 , 2019년 7월,4.5,자연/과학
다정한 것이 살아남는다,"브라이언 헤어, 버네사 우즈 (지은이), 이민아 (옮긴이), 박한선 (감수) ", 디플롯 , 2021년 10월,4.5,자연/과학
"욕망의 진화 : 사랑, 연애, 섹스, 결혼 남녀의 엇갈린 욕망에 담긴 진실","데이비드 버스 (지은이), 전중환 (옮긴이) ", 사이언스북스 , 2019년 11월,4.0,자연/과학
우리는 각자의 세계가 된다,"데이비드 이글먼 (지은이), 김승욱 (옮긴이) ", 알에이치코리아(RHK) , 2023년 2월,5.0,자연/과학
종의 기원,"찰스 로버트 다윈 (지은이), 장대익 (옮긴이), 최재천 (감수), 다윈 포럼 (기획) ", 사이언스북스 , 2023년 2월,4.5,자연/과학
나를 나답게 만드는 것들,"빌 설리번 (지은이), 김성훈 (옮긴이) ", 브론스테인 , 2021년 1월,4.0,자연/과학
우울할 땐 뇌 과학,"앨릭스 코브 (지은이), 정지인 (옮긴이) ", 심심 , 2018년 3월,4.0,자연/과학
천문학자는 별을 보지 않는다,심채경 (지은이) , 문학동네 , 2021년 2월,4.5,자연/과학
나는 왜 생각이 많을까?,"홋타 슈고 (지은이), 윤지나 (옮긴이) ", 서사원 , 2021년 8월,4.5,자연/과학
이기적 유전자,"리처드 도킨스 (지은이), 홍영남, 이상임 (옮긴이) ", 을유문화사 , 2019년 2월,4.0,자연/과학
익스텐드 마인드,"애니 머피 폴 (지은이), 이정미 (옮긴이) ", 알에이치코리아(RHK) , 2022년 11월,5.0,자연/과학
놓아버림,"데이비드 호킨스 (지은이), 박찬준 (옮긴이) ", 판미동 , 2013년 11월,5.0,자연/과학
코스모스,칼 세이건 (지은이) , 사이언스북스 , 2020년 2월,3.5,자연/과학
사이코패스 뇌과학자,"제임스 팰런 (지은이), 김미선 (옮긴이) ", 더퀘스트 , 2020년 10월,4.5,자연/과학
건강의 뇌과학,"제임스 굿윈 (지은이), 박세연 (옮긴이) ", 현대지성 , 2022년 7월,5.0,자연/과학
피타고라스 생각 수업,이광연 (지은이) , 유노라이프 , 2023년 1월,5.0,자연/과학
AI 지도책,"케이트 크로퍼드 (지은이), 노승영 (옮긴이) ", 소소의책 , 2022년 11월,5.0,자연/과학
초공간,"미치오 카쿠 (지은이), 박병철 (옮긴이) ", 김영사 , 2018년 6월,4.5,자연/과학
진리는 바뀔 수도 있습니다,"데이비드 도이치 (지은이), 김혜원 (옮긴이) ", 알에이치코리아(RHK) , 2023년 2월,3.0,자연/과학
떨림과 울림,김상욱 (지은이) , 동아시아 , 2018년 11월,4.5,자연/과학
노화의 종말,"매슈 D. 러플랜트, 데이비드 A. 싱클레어 (지은이), 이한음 (옮긴이) ", 부키 , 2020년 8월,4.0,자연/과학
거의 모든 것의 역사,"빌 브라이슨 (지은이), 이덕환 (옮긴이) ", 까치 , 2020년 5월,4.5,자연/과학
비전공자도 이해할 수 있는 AI 지식,"박상길 (지은이), 정진호 (그림) ", 반니 , 2022년 8월,5.0,자연/과학
나는 어떻게 성형미인이 되었나,임소연 (지은이) , 돌베개 , 2022년 12월,5.0,자연/과학
다윈 지능,최재천 (지은이) , 사이언스북스 , 2023년 2월,0.0,자연/과학
이토록 뜻밖의 뇌과학,"리사 펠드먼 배럿 (지은이), 변지영 (옮긴이), 정재승 (감수) ", 더퀘스트 , 2021년 8월,4.5,자연/과학
엔드 오브 타임,"브라이언 그린 (지은이), 박병철 (옮긴이) ", 와이즈베리 , 2021년 2월,5.0,자연/과학
까면서 보는 해부학 만화,"압듈라 (지은이), 신동선 (감수) ", 한빛비즈 , 2020년 7월,4.5,자연/과학
과학이 사랑에 대해 말해줄 수 있는 모든 것,"애나 마친 (지은이), 제효영 (옮긴이) ", 어크로스 , 2022년 12월,4.5,자연/과학
차이에 관한 생각,"프란스 드 발 (지은이), 이충호 (옮긴이) ", 세종(세종서적) , 2022년 12월,5.0,자연/과학
지구가 평평하다고 믿는 사람과 즐겁고 생산적인 대화를 나누는 법,"리 매킨타이어 (지은이), 노윤기 (옮긴이) ", 위즈덤하우스 , 2022년 12월,4.5,자연/과학
침묵의 봄,"레이첼 카슨 (지은이), 김은령 (옮긴이), 홍욱희 (감수) ", 에코리브르 , 2018년 4월,4.5,자연/과학
랩 걸,"호프 자런 (지은이), 김희정 (옮긴이) ", 알마 , 2017년 7월,0.0,자연/과학
신비롭지 않은 여자들,임소연 (지은이) , 민음사 , 2022년 6월,4.5,자연/과학
모든 순간의 물리학,"카를로 로벨리 (지은이), 김현주 (옮긴이), 이중원 (감수) ", 쌤앤파커스 , 2016년 4월,4.0,자연/과학
진화심리학,"이충호 (옮긴이), 최재천 (감수) ", 웅진지식하우스 , 2014년 4월,4.5,자연/과학
오래된 기억들의 방,"베로니카 오킨 (지은이), 김병화 (옮긴이) ", 알에이치코리아(RHK) , 2022년 9월,4.5,자연/과학
악령이 출몰하는 세상,"칼 세이건 (지은이), 이상헌 (옮긴이) ", 사이언스북스 , 2022년 12월,5.0,자연/과학
식량위기 대한민국,남재작 (지은이) , 웨일북 , 2022년 7월,4.5,자연/과학
수학 리부트,강중빈 (지은이) , 인사이트 , 2020년 7월,5.0,자연/과학
해석학 첫걸음,"스티븐 애벗 (지은이), 한빛수학교재연구소 (옮긴이), 김세익 (감수) ", 한빛아카데미(교재) , 2021년 7월,0.0,자연/과학
콘택트 2,"칼 세이건 (지은이), 이상원 (옮긴이) ", 사이언스북스 , 2019년 8월,4.5,자연/과학
복잡계 개론,"윤영수, 채승병 (지은이) ", 삼성글로벌리서치 , 2022년 10월,4.5,자연/과학
정수론 첫걸음,"Kuldeep Singh (지은이), 한빛수학교재연구소 (옮긴이) ", 한빛아카데미(교재) , 2022년 10월,0.0,자연/과학
직무별 현직자가 말하는 2차전지 직무 바이블,"배연석, 이차준, 공멘토 (지은이) ", 렛유인 , 2023년 1월,0.0,자연/과학
인간과 동물의 감정 표현,"찰스 로버트 다윈 (지은이), 김성한 (옮긴이), 최재천 (감수), 다윈 포럼 (기획) ", 사이언스북스 , 2023년 2월,5.0,자연/과학
김남호의 F1 스토리,김남호 (지은이) , 42미디어콘텐츠 , 2023년 2월,0.0,자연/과학
악의 마음을 읽는 자들 : 국내 최초 프로파일러의 연쇄살인 추적기,"고나무, 권일용 (지은이) ", 알마 , 2018년 11월,4.0,자연/과학
우리는 왜 잠을 자야 할까 : 수면과 꿈의 과학,"매슈 워커 (지은이), 이한음 (옮긴이) ", 열린책들 , 2019년 2월,5.0,자연/과학
"빌 게이츠, 기후재앙을 피하는 법","빌 게이츠 (지은이), 김민주, 이엽 (옮긴이) ", 김영사 , 2021년 2월,4.5,자연/과학
나는 오늘 나에게 ADHD라는 이름을 주었다,신지수 (지은이) , 휴머니스트 , 2021년 7월,4.0,자연/과학
느끼고 아는 존재,"안토니오 다마지오 (지은이), 고현석 (옮긴이), 박문호 (감수) ", 흐름출판 , 2021년 9월,4.5,자연/과학
미스터리 작가를 위한 법의학 Q&A,"D. P. 라일 (지은이), 강동혁 (옮긴이), 강다솔 (감수) ", 들녘 , 2018년 3월,4.5,자연/과학
생각은 어떻게 행동이 되는가,"데이비드 바드르 (지은이), 김한영 (옮긴이) ", 해나무 , 2022년 3월,5.0,자연/과학
김상욱의 과학공부,김상욱 (지은이) , 동아시아 , 2016년 7월,4.0,자연/과학
아주 작은 죽음들,"브루스 골드파브 (지은이), 강동혁 (옮긴이) ", 알에이치코리아(RHK) , 2022년 10월,4.5,자연/과학
일어날 일은 일어난다,박권 (지은이) , 동아시아 , 2021년 10월,4.0,자연/과학
아무것도 하기 싫은 사람을 위한 뇌 과학,"가토 토시노리 (지은이), 정현옥 (옮긴이) ", 갤리온 , 2021년 6월,4.0,자연/과학
정재승의 과학 콘서트 (개정증보 2판),정재승 (지은이) , 어크로스 , 2020년 7월,4.5,자연/과학
미적분의 힘,"스티븐 스트로가츠 (지은이), 이충호 (옮긴이) ", 해나무 , 2021년 11월,5.0,자연/과학
특이점이 온다,"레이 커즈와일 (지은이), 장시형, 김명남 (옮긴이), 진대제 (감수) ", 김영사 , 2020년 2월,5.0,자연/과학
최종 경고 : 6도의 멸종,"마크 라이너스 (지은이), 김아림 (옮긴이) ", 세종(세종서적) , 2022년 7월,5.0,자연/과학
"박문호 박사의 뇌과학 공부 : 감각, 지각, 기억, 꿈, 그리고 자아와 세계에 관하여",박문호 (지은이) , 김영사 , 2018년 5월,4.5,자연/과학
우리는 모두 조금은 이상한 것을 믿는다,"대니얼 록스턴, 니콜라 고브리트 (지은이), 스켑틱 협회 편집부 (엮은이) ", 바다출판사 , 2022년 9월,4.5,자연/과학
이득우의 게임 수학,이득우 (지은이) , 책만 , 2022년 4월,5.0,자연/과학
나무 수업,"페터 볼레벤 (지은이), 장혜경 (옮긴이) ", 위즈덤하우스 , 2016년 3월,4.5,자연/과학
가까운 사람이 자기애성 성격 장애일 때,"우도 라우흐플라이슈 (지은이), 장혜경 (옮긴이) ", 심심 , 2021년 3월,4.5,자연/과학
에덴의 용,"칼 세이건 (지은이), 임지원 (옮긴이) ", 사이언스북스 , 2017년 9월,4.5,자연/과학
수학은 우주로 흐른다,송용진 (지은이) , 브라이트 , 2021년 12월,5.0,자연/과학
물은 H2O인가?,"장하석 (지은이), 전대호 (옮긴이) ", 김영사 , 2021년 6월,5.0,자연/과학
호르몬과 건강의 비밀,요하네스 뷔머 (지은이) , 현대지성 , 2020년 12월,5.0,자연/과학
아인슈타인이 괴델과 함께 걸을 때,"짐 홀트 (지은이), 노태복 (옮긴이) ", 소소의책 , 2020년 5월,4.5,자연/과학
10대 놀라운 뇌 불안한 뇌 아픈 뇌,김붕년 (지은이) , (주)대성 , 2021년 8월,5.0,자연/과학
콘택트 1,"칼 세이건 (지은이), 이상원 (옮긴이) ", 사이언스북스 , 2019년 8월,4.5,자연/과학
복잡한 세상을 이기는 수학의 힘,"류쉐펑 (지은이), 이서연 (옮긴이), 김지혜 (감수) ", 미디어숲 , 2023년 1월,5.0,자연/과학
완경 선언,"제니퍼 건터 (지은이), 김희정, 안진희 (옮긴이) ", 생각의힘 , 2022년 11월,5.0,자연/과학
10대의 뇌,"에이미 엘리스 넛 (지은이), 김성훈 (옮긴이) ", 웅진지식하우스 , 2020년 2월,4.5,자연/과학
칼만 필터는 어렵지 않아,김성필 (지은이) , 한빛아카데미(교재) , 2020년 12월,4.5,자연/과학
곽재식의 유령 잡는 화학자,곽재식 (지은이) , 김영사 , 2022년 10월,5.0,자연/과학
매스매틱스 1,이상엽 (지은이) , 길벗 , 2020년 12월,5.0,자연/과학
모기가 우리한테 해 준 게 뭔데?,"프라우케 피셔, 힐케 오버한스베르크 (지은이), 추미란 (옮긴이) ", 북트리거 , 2022년 11월,5.0,자연/과학
겸손한 목격자들 : 철새·경락·자폐증·성형의 현장에 연루되다,"임소연, 김연화, 성한아 (지은이) ", 에디토리얼 , 2022년 2월,5.0,자연/과학
자동차 인터페이스 디자인,박수레 (지은이) , 책만 , 2022년 7월,5.0,자연/과학
심리음향학,오세진 (지은이) , 시그마프레스 , 2014년 6월,4.0,자연/과학
머리가 깨질 것 같아,"어맨다 엘리슨 (지은이), 권혜정 (옮긴이) ", 글항아리 , 2022년 1월,5.0,자연/과학
전지적 건설 엔지니어 시점 : 철근 콘크리트를 사랑하는 일,양동신 (지은이) , 김영사 , 2023년 1월,5.0,자연/과학
치매에 관한 새로운 생각,"티아 파월 (지은이), 제효영 (옮긴이) ", 브론스테인 , 2023년 2월,0.0,자연/과학
반드시 다가올 미래,남성현 (지은이) , 포르체 , 2022년 12월,5.0,자연/과학
동물지,"아리스토텔레스 (지은이), 서경주 (옮긴이), 김대웅 (해설) ", 노마드 , 2023년 2월,0.0,자연/과학
양자 역학이란 무엇인가,"마이클 워커 (지은이), 조진혁 (옮긴이), 이강영 (감수) ", 처음북스 , 2023년 2월,5.0,자연/과학
빅데이터 SPSS 최신 분석기법,조용준 (지은이) , (주)한나래플러스 , 2022년 4월,0.0,자연/과학
데이터는 어떻게 인생의 무기가 되는가,"세스 스티븐스 다비도위츠 (지은이), 안진이 (옮긴이) ", 더퀘스트 , 2022년 10월,5.0,자연/과학
만들어진 신,"리처드 도킨스 (지은이), 이한음 (옮긴이) ", 김영사 , 2016년 2월,4.0,자연/과학
시간은 흐르지 않는다,"카를로 로벨리 (지은이), 이중원 (옮긴이) ", 쌤앤파커스 , 2019년 8월,4.0,자연/과학
미적분의 쓸모,한화택 (지은이) , 더퀘스트 , 2022년 5월,5.0,자연/과학
상대적이며 절대적인 지식의 백과사전,"베르나르 베르베르 (지은이), 이세욱 (옮긴이) ", 열린책들 , 2021년 11월,5.0,자연/과학
움직임의 뇌과학,"캐럴라인 윌리엄스 (지은이), 이영래 (옮긴이) ", 갤리온 , 2021년 12월,5.0,자연/과학
공감은 지능이다,"자밀 자키 (지은이), 정지인 (옮긴이) ", 심심 , 2021년 4월,4.5,자연/과학
나를 알고 싶을 때 뇌과학을 공부합니다,"질 볼트 테일러 (지은이), 진영인 (옮긴이) ", 윌북 , 2022년 3월,5.0,자연/과학
이기적 유전자,"리처드 도킨스 (지은이), 홍영남, 이상임 (옮긴이) ", 을유문화사 , 2019년 2월,4.0,강의지원도서
불륜의 심리학,"게르티 젱어, 발터 호프만 (지은이), 함미라 (옮긴이) ", 탐나는책 , 2023년 2월,0.0,강의지원도서
비전공자도 이해할 수 있는 AI 지식,"박상길 (지은이), 정진호 (그림) ", 반니 , 2022년 8월,5.0,강의지원도서
프셉마음 - 산부인과편,정유정 (지은이) , 드림널스 , 2022년 4월,0.0,강의지원도서
이것이 취업을 위한 코딩 테스트다 with 파이썬,나동빈 (지은이) , 한빛미디어 , 2020년 9월,5.0,강의지원도서
파이썬 알고리즘 인터뷰,"박상길 (지은이), 정진호 (그림) ", 책만 , 2020년 10월,5.0,강의지원도서
헤드 퍼스트 디자인 패턴,"케이시 시에라, 버트 베이츠, 엘리자베스 롭슨 (지은이) ", 한빛미디어 , 2022년 4월,5.0,강의지원도서
프셉마음 - 약물편,"남소희, 허연정 (지은이) ", 드림널스 , 2022년 4월,4.0,강의지원도서
그림으로 보는 건설현장의 안전관리,이병수 (지은이) , 성안당 , 2022년 8월,5.0,강의지원도서
ChatGPT와 DALLE2로 인공지능 내맘대로 다루기,초보AI (지은이) , e퍼플 , 2023년 2월,4.0,강의지원도서
한국전문소생술 4판,대한심폐소생협회 (지은이) , 군자출판사 , 2021년 11월,5.0,강의지원도서
이것이 자바다,신용권 (지은이) , 한빛미디어 , 2022년 9월,4.5,강의지원도서
프셉마음 : 혈액검사 해석 및 간호편,"이재왕, 김지희 (지은이) ", 드림널스 , 2022년 9월,5.0,강의지원도서
프셉마음 - 정형외과편,박기옥 (지은이) , 드림널스 , 2022년 4월,0.0,강의지원도서
틸리 서양철학사,"프랭크 틸리 (지은이), 김기찬 (옮긴이) ", 현대지성 , 2020년 3월,4.5,강의지원도서
Do it! 알고리즘 코딩 테스트 - 파이썬 편,김종관 (지은이) , 이지스퍼블리싱 (주) , 2022년 8월,5.0,강의지원도서
프셉마음 : 신경과편,신사랑 (지은이) , 드림널스 , 2022년 6월,4.5,강의지원도서
해석학 첫걸음,"스티븐 애벗 (지은이), 한빛수학교재연구소 (옮긴이), 김세익 (감수) ", 한빛아카데미(교재) , 2021년 7월,0.0,강의지원도서
존재의 심리학,"에이브러햄 매슬로 (지은이), 정태연, 노현정 (옮긴이) ", 문예출판사 , 2019년 8월,4.0,강의지원도서
정수론 첫걸음,"Kuldeep Singh (지은이), 한빛수학교재연구소 (옮긴이) ", 한빛아카데미(교재) , 2022년 10월,0.0,강의지원도서
보육교사 장기 미종사자 직무교육,"윤매자, 하수연, 정연옥 (지은이) ", 공동체 , 2022년 12월,0.0,강의지원도서
직무별 현직자가 말하는 2차전지 직무 바이블,"배연석, 이차준, 공멘토 (지은이) ", 렛유인 , 2023년 1월,0.0,강의지원도서
보건의료 관리와 리더십,이종율 (지은이) , 한올출판사 , 2023년 1월,0.0,강의지원도서
Do it! 점프 투 파이썬 -전면 개정판,박응용 (지은이) , 이지스퍼블리싱 , 2019년 6월,4.5,강의지원도서
군주론,"니콜로 마키아벨리 (지은이), 강정인, 김경희 (옮긴이) ", 까치 , 2019년 11월,4.5,강의지원도서
Do it! 자바 프로그래밍 입문,박은종 (지은이) , 이지스퍼블리싱 , 2018년 8월,4.5,강의지원도서
무경계,"켄 윌버 (지은이), 김철수 (옮긴이) ", 정신세계사 , 2017년 1월,4.5,강의지원도서
아들러의 인간이해,"알프레드 아들러 (지은이), 홍혜경 (옮긴이) ", 을유문화사 , 2016년 9월,4.5,강의지원도서
Do it! 자료구조와 함께 배우는 알고리즘 입문 - 자바 편 : 전면개정판,"시바타 보요 (지은이), 강민 (옮긴이) ", 이지스퍼블리싱 (주) , 2022년 5월,5.0,강의지원도서
문명의 충돌,"새뮤얼 헌팅턴 (지은이), 이희재 (옮긴이) ", 김영사 , 2017년 4월,4.0,강의지원도서
파이썬 머신러닝 판다스 데이터 분석,오승환 (지은이) , 정보문화사 , 2019년 6월,5.0,강의지원도서
아동 심리치료 치료계획서,"Arthur E. Jongsma, Jr., L. Mark Peterson, William P. McInnis, Timothy J. Bruce (지은이), 송영혜 (옮긴이) ", 시그마프레스 , 2015년 9월,5.0,강의지원도서
누구나 자료 구조와 알고리즘(개정2판),"제이 웬그로우 (지은이), 심지현 (옮긴이) ", 길벗 , 2021년 12월,5.0,강의지원도서
양극성 장애,"조용래, 김빛나 (지은이) ", 학지사 , 2018년 10월,5.0,강의지원도서
프로테스탄티즘의 윤리와 자본주의 정신,"막스 베버 (지은이), 박성수 (옮긴이) ", 문예출판사 , 2013년 10월,4.0,강의지원도서
프셉마음 - 중환자간호 입문편,전호웅 (지은이) , 드림널스 , 2022년 4월,4.5,강의지원도서
제대로 알고 쓰는 논문 통계분석 : SPSS & AMOS,노경섭 (지은이) , 한빛아카데미(교재) , 2020년 12월,5.0,강의지원도서
2022 예산회계실무 기본서,"강인옥, 최두선, 최기웅 (지은이) ", 광문각 , 2022년 4월,0.0,강의지원도서
도널드 노먼의 디자인과 인간 심리,"도널드 A. 노먼 (지은이), 박창호 (옮긴이) ", 학지사 , 2022년 2월,4.0,강의지원도서
Do it! 게임 10개 만들며 배우는 파이썬,"벤 포터, 쉬무엘 포터 (지은이), 안동현 (옮긴이) ", 이지스퍼블리싱 , 2022년 12월,5.0,강의지원도서
Do it! 지옥에서 온 문서 관리자 깃&깃허브 입문 (전면 개정판),"고경희, 이고잉 (지은이) ", 이지스퍼블리싱 (주) , 2022년 10월,5.0,강의지원도서
계량경제학,"R. 카터 힐, William E. Griffiths, Guay C. Lim (지은이) ", 시그마프레스 , 2021년 2월,0.0,강의지원도서
최신 수술실 매뉴얼,"윤혜상, 장영진, 서은주 (지은이) ", 포널스 , 2021년 9월,5.0,강의지원도서
인지심리학,"Ronald T. Kellogg (지은이), 박권생 (옮긴이) ", 시그마프레스 , 2017년 4월,0.0,강의지원도서
국제회의 통역사를 위한 노트테이킹 핵심기술,이상빈 (지은이) , 한국문화사 , 2021년 8월,0.0,강의지원도서
Do it! 건축 BIM을 위한 Revit 입문,장동수 (지은이) , 이지스퍼블리싱 (주) , 2020년 5월,5.0,강의지원도서
한국불교미술사,"정은우, 안귀숙, 김리나 (지은이) ", 미진사 , 2021년 7월,5.0,강의지원도서
비극의 탄생,"프리드리히 니체 (지은이), 박찬국 (옮긴이) ", 아카넷 , 2015년 4월,4.5,강의지원도서
예술에서의 정신적인 것에 대하여,"바실리 칸딘스키 (지은이), 권영필 (옮긴이) ", 열화당 , 2021년 11월,0.0,강의지원도서
칼만 필터는 어렵지 않아,김성필 (지은이) , 한빛아카데미(교재) , 2020년 12월,4.5,강의지원도서
드림원탑 - 케이스스터디편,"남소희, 허연정, 전재희 (지은이) ", 드림널스 , 2022년 4월,0.0,강의지원도서
역사철학강의,"게오르그 빌헬름 프리드리히 헤겔 (지은이), 권기철 (옮긴이) ", 동서문화동판(동서문화사) , 2008년 6월,4.5,강의지원도서
질적 연구방법론,"최종렬, 김귀옥, 김성경, 김은정 (엮은이), 한국문화사회학회 (기획) ", 휴머니스트 , 2020년 11월,4.0,강의지원도서
Do it! 오토캐드 2023,박한울 (지은이) , 이지스퍼블리싱 (주) , 2022년 6월,5.0,강의지원도서
언어,강범모 (지은이) , 한국문화사 , 2022년 9월,5.0,강의지원도서
조선해양 선박설계 전장생산설계편,"서복동, 설병헌 (지은이) ", 쏘브 , 2015년 11월,0.0,강의지원도서
심리음향학,오세진 (지은이) , 시그마프레스 , 2014년 6월,4.0,강의지원도서
STEIN 푸리에 해석학,"Rami Shakarchi, Elias M. Stein (지은이), 한빛수학교재연구소 (옮긴이) ", 한빛아카데미(교재) , 2022년 3월,0.0,강의지원도서
빅데이터 SPSS 최신 분석기법,조용준 (지은이) , (주)한나래플러스 , 2022년 4월,0.0,강의지원도서
Do it! HTML+CSS+자바스크립트 웹 표준의 정석,고경희 (지은이) , 이지스퍼블리싱 (주) , 2021년 1월,4.5,강의지원도서
만들어진 신,"리처드 도킨스 (지은이), 이한음 (옮긴이) ", 김영사 , 2016년 2월,4.0,강의지원도서
청소년 및 성인을 위한 ADHD의 인지행동치료 (제2판),"Susan Young, Jessica Bramham (지은이), 최병휘, 곽욱환, 조철래, 김원, 임미정, 박준성, 김선욱, 김혜경 (옮긴이) ", 시그마프레스 , 2019년 4월,4.0,강의지원도서
Do it! 알고리즘 코딩 테스트 - 자바 편,김종관 (지은이) , 이지스퍼블리싱 (주) , 2022년 4월,4.0,강의지원도서
수치심의 치유,존 브래드쇼 (지은이) , 도서출판 한국상담심리연구원 , 2021년 6월,4.5,강의지원도서
군중심리,"귀스타브 르 봉 (지은이), 강주헌 (옮긴이) ", 현대지성 , 2021년 10월,5.0,강의지원도서
레트로의 유니티 게임 프로그래밍 에센스,이제민 (지은이) , 한빛미디어 , 2022년 2월,5.0,강의지원도서
의존성 성격장애와 회피성 성격장애,"민병배, 남기숙 (지은이) ", 학지사 , 2018년 10월,5.0,강의지원도서
데이터베이스 개론,김연희 (지은이) , 한빛아카데미(교재) , 2022년 1월,0.0,강의지원도서
암또의 임상노트 Volume.1,암또 (지은이) , 포널스 , 2019년 11월,5.0,강의지원도서
소비의 사회,"장 보드리야르 (지은이), 이상률 (옮긴이) ", 문예출판사 , 2015년 9월,4.0,강의지원도서
C# 교과서,박용준 (지은이) , 길벗 , 2020년 6월,5.0,강의지원도서
경제학원론 (제2판),"데이빗 레입슨, 대런 애쓰모글루, 존 리스트 (지은이), 손광락, 박경로, 성한경, 권남훈, 김원중, 정태훈 (옮긴이) ", 시그마프레스 , 2019년 9월,0.0,강의지원도서
코딩 자율학습 HTML + CSS + 자바스크립트,김기수 (지은이) , 길벗 , 2022년 4월,5.0,강의지원도서
프셉마음 - 입문편,드림널스 편집부 (지은이) , 드림널스 , 2022년 4월,5.0,강의지원도서
프셉마음 - 내과 환자파악편,유미옥 (지은이) , 드림널스 , 2022년 4월,5.0,강의지원도서
혼자 공부하는 R 데이터 분석,"강전희, 엄동란 (지은이) ", 한빛미디어 , 2022년 2월,5.0,강의지원도서
파이썬 코딩의 기술(개정2판),"브렛 슬라킨 (지은이), 오현석 (옮긴이) ", 길벗 , 2020년 11월,5.0,강의지원도서
사랑하는 사람이 정신질환을 앓고 있을 때,"리베카 울리스 (지은이), 강병철 (옮긴이) ", 서울의학서적 , 2021년 5월,4.5,강의지원도서
소문난 명강의 김도형의 데이터 사이언스 스쿨 수학 편,김도형 (지은이) , 한빛미디어 , 2019년 11월,5.0,강의지원도서
프셉마음 - 응급실편,곽수진 (지은이) , 드림널스 , 2022년 4월,5.0,강의지원도서
윤상훈·권병조의 알짜 근육학,"윤상훈, 권병조 (지은이) ", 군자출판사 , 2021년 5월,0.0,강의지원도서
프리드버그 선형대수학,"스티븐 H. 프리드버그, 아놀드 J. 인셀, 로렌스 E. 스펜스 (지은이) ", 한빛아카데미(교재) , 2022년 2월,5.0,강의지원도서
법의 정신,"샤를 드 몽테스키외 (지은이), 이재형 (옮긴이) ", 문예출판사 , 2015년 6월,4.5,강의지원도서
심리검사의 이해,최정윤 (지은이) , 시그마프레스 , 2016년 4월,4.0,강의지원도서
마이어스의 심리학 개론,"데이비드 G. 마이어스, 네이선 드월 (지은이), 신현정 (옮긴이) ", 시그마프레스 , 2022년 3월,0.0,강의지원도서
직업으로서의 학문,"막스 베버 (지은이), 이상률 (옮긴이) ", 문예출판사 , 2017년 4월,4.5,강의지원도서
프셉마음 - 심혈관계편,안정언 (지은이) , 드림널스 , 2022년 4월,0.0,강의지원도서
"논문, 쓰다",김용찬 (지은이) , 컬처룩 , 2020년 11월,5.0,강의지원도서
정보 보안 개론,양대일 (지은이) , 한빛아카데미(교재) , 2021년 6월,0.0,강의지원도서
쉽게 배우는 소프트웨어 공학,김치수 (지은이) , 한빛아카데미(교재) , 2021년 7월,4.0,강의지원도서
프로그래머를 위한 선형대수,"히라오카 카즈유키, 호리 겐 (지은이), 이창신 (옮긴이) ", 길벗 , 2017년 4월,4.0,강의지원도서
법의학,이상한 (지은이) , 정문각(JMK) , 2019년 1월,0.0,강의지원도서
하이데거의 『존재와 시간』 강독,박찬국 (지은이) , 그린비 , 2016년 9월,5.0,강의지원도서
프셉마음 - 기초편,"드림널스 편집부, 제갈성희, 고은희 (지은이) ", 드림널스 , 2022년 4월,5.0,강의지원도서
사회불안장애,김은정 (지은이) , 학지사 , 2018년 10월,0.0,강의지원도서
암또의 임상노트 Volume.2,암또 (지은이) , 포널스 , 2021년 4월,5.0,강의지원도서
하마터면 깨달을 뻔 : 인지심리학자가 본 에고의 진실게임,"크리스 나이바우어 (지은이), 김윤종 (옮긴이) ", 정신세계사 , 2017년 10월,4.5,강의지원도서
프셉마음 : 소화기 간호편,박근혜 (지은이) , 드림널스 , 2022년 9월,5.0,강의지원도서
프셉마음 - 의학용어편 Ⅱ : 내과계,"드림널스 편집부 (지은이), 권미수, 최고운 (감수) ", 드림널스 , 2022년 4월,0.0,강의지원도서
2023 위아너스 간호사 국가시험 PASS 177 최종모의고사,"김명애, 이원진 (지은이) ", IMRN , 2022년 11월,5.0,강의지원도서
구의 증명,최진영 (지은이) , 은행나무 , 2015년 3월,4.0,문학
[100% 페이백] 우리에게는 비밀이 없다,"우샤오러 (지은이), 강초아 (옮긴이) ", 한즈미디어 , 2023년 2월,4.0,문학
아버지의 해방일지,정지아 (지은이) , 창비 , 2022년 9월,5.0,문학
살인 플롯 짜는 노파,"엘리 그리피스 (지은이), 신승미 (옮긴이) ", 나무옆의자 , 2023년 2월,4.5,문학
사랑의 이해,이혁진 (지은이) , 민음사 , 2019년 4월,4.0,문학
이토록 평범한 미래,김연수 (지은이) , 문학동네 , 2022년 10월,4.5,문학
로렘 입숨의 책,구병모 (지은이) , 안온북스 , 2023년 1월,5.0,문학
데미안 (한글판),"헤르만 헤세 (지은이), 이순학 (옮긴이) ", 더클래식 , 2012년 10월,4.5,문학
불편한 편의점,김호연 (지은이) , 나무옆의자 , 2021년 4월,4.5,문학
눈물을 마시는 새 세트 (1~4권),이영도 (지은이) , 황금가지 , 2013년 10월,5.0,문학
흑뢰성,"요네자와 호노부 (지은이), 김선영 (옮긴이) ", 리드비 , 2023년 2월,5.0,문학
불편한 편의점 2 (단풍 에디션),김호연 (지은이) , 나무옆의자 , 2022년 8월,4.5,문학
파친코 1,"이민진 (지은이), 신승미 (옮긴이) ", 인플루엔셜(주) , 2022년 10월,4.5,문학
단순한 열정,"아니 에르노 (지은이), 최정수 (옮긴이) ", 문학동네 , 2016년 12월,4.0,문학
인생의 역사,신형철 (지은이) , 난다 , 2022년 12월,5.0,문학
인간실격 (한글판),"다자이 오사무 (지은이), 김소영 (옮긴이) ", 미르북컴퍼니 , 2013년 12월,4.0,문학
배니시드,김도윤 (지은이) , 팩토리나인 , 2023년 2월,5.0,문학
가재가 노래하는 곳,"델리아 오언스 (지은이), 김선형 (옮긴이) ", 살림 , 2019년 6월,4.0,문학
홍학의 자리,정해연 (지은이) , 엘릭시르 , 2021년 7월,4.0,문학
참을 수 없는 존재의 가벼움,"밀란 쿤데라 (지은이), 이재룡 (옮긴이) ", 민음사 , 2021년 6월,4.5,문학
"칵테일, 러브, 좀비",조예은 (지은이) , 안전가옥 , 2020년 4월,4.5,문학
파친코 2,이민진 (지은이) , 인플루엔셜(주) , 2022년 10월,5.0,문학
수확자,"닐 셔스터먼 (지은이), 이수현 (옮긴이) ", 열린책들 , 2023년 1월,5.0,문학
싯다르타,"헤르만 헤세 (지은이), 박병덕 (옮긴이) ", 민음사 , 2014년 1월,4.5,문학
생생하게 살아 있는 캐릭터 만드는 법,"키라앤 펠리컨 (지은이), 정미화 (옮긴이) ", 아날로그(글담) , 2023년 1월,5.0,문학
수호자들,"존 그리샴 (지은이), 남명성 (옮긴이) ", 하빌리스(대원씨아이) , 2023년 2월,5.0,문학
작가는 어떻게 읽는가,"조지 손더스 (지은이), 정영목 (옮긴이) ", 어크로스 , 2023년 2월,4.0,문학
파과,구병모 (지은이) , 위즈덤하우스 , 2018년 4월,4.5,문학
인간 실격,"다자이 오사무 (지은이), 김춘미 (옮긴이) ", 민음사 , 2012년 10월,4.0,문학
세상의 마지막 기차역,"무라세 다케시 (지은이), 김지연 (옮긴이) ", 모모 , 2022년 5월,4.5,문학
쿼런틴,"그렉 이건 (지은이), 김상훈 (옮긴이) ", 허블 , 2022년 12월,5.0,문학
우중괴담,"미쓰다 신조 (지은이), 현정수 (옮긴이) ", 북로드 , 2022년 12월,5.0,문학
이방인 (한글판),"알베르 카뮈 (지은이), 베스트트랜스 (옮긴이) ", 더클래식 , 2012년 8월,4.0,문학
작별인사,김영하 (지은이) , 복복서가 , 2022년 5월,4.0,문학
이중 작가 초롱,이미상 (지은이) , 문학동네 , 2022년 11월,5.0,문학
어린 왕자 (한글+영문),"앙투안 드 생텍쥐페리 (지은이), 베스트트랜스 (옮긴이) ", 더클래식 , 2012년 4월,5.0,문학
내가 나를 버린 날,"마츠무라 료야 (지은이), 권하영 (옮긴이) ", 북플라자 , 2022년 6월,4.5,문학
메이드,"니타 프로스 (지은이), 노진선 (옮긴이) ", 마시멜로 , 2023년 2월,5.0,문학
왕자님의 연애편지,이경민 (지은이) , 라이스메이커 , 2022년 12월,5.0,문학
노인과 바다 (한글+영문판),"어니스트 헤밍웨이 (지은이), 베스트트랜스 (옮긴이) ", 더클래식 , 2013년 6월,5.0,문학
브람스를 좋아하세요…,"프랑수아즈 사강 (지은이), 김남주 (옮긴이) ", 민음사 , 2018년 6월,4.5,문학
심판,"베르나르 베르베르 (지은이), 전미연 (옮긴이) ", 열린책들 , 2020년 8월,4.5,문학
멋진 신세계,"올더스 헉슬리 (지은이), 안정효 (옮긴이) ", 소담출판사 , 2018년 6월,4.5,문학
1984 (한글+영문),"조지 오웰 (지은이), 정영수 (옮긴이) ", 더클래식 , 2013년 5월,5.0,문학
여자 없는 남자들,"무라카미 하루키 (지은이), 양윤옥 (옮긴이) ", 문학동네 , 2020년 4월,4.5,문학
안젤리크,"기욤 뮈소 (지은이), 양영란 (옮긴이) ", 밝은세상 , 2023년 1월,4.5,문학
나는 오래된 거리처럼 너를 사랑하고,진은영 (지은이) , 문학과지성사 , 2022년 11월,4.5,문학
천사를 거부하는 우울한 연인에게,양안다 (지은이) , 문학동네 , 2023년 2월,5.0,문학
삼국지 원전 완역판 1 도원,"요시카와 에이지 (엮은이), 나관중 (원작), 바른번역 (옮긴이) ", 코너스톤 , 2020년 3월,4.5,문학
이토록 아름다운 세상에서,"고호관, 김백상, 곽유진 (지은이) ", 현대문학 , 2023년 1월,5.0,문학
밝은 밤,최은영 (지은이) , 문학동네 , 2021년 7월,5.0,문학
아몬드,손원평 (지은이) , 창비 , 2017년 3월,4.0,문학
데미안 (한글+영문),"헤르만 헤세 (지은이), 이순학 (옮긴이) ", 더클래식 , 2013년 1월,4.5,문학
노르웨이의 숲,"무라카미 하루키 (지은이), 양억관 (옮긴이) ", 민음사 , 2019년 4월,4.0,문학
달과 6펜스,"서머싯 몸 (지은이), 송무 (옮긴이) ", 민음사 , 2013년 3월,4.5,문학
해가 지는 곳으로,최진영 (지은이) , 민음사 , 2017년 8월,4.5,문학
키다리 아저씨 (한글판 + 영문판),"진 웹스터 (지은이), 허윤정 (옮긴이) ", 더클래식 , 2015년 9월,4.5,문학
왜 나는 너를 사랑하는가 (70만 부 기념 리커버),"알랭 드 보통 (지은이), 정영목 (옮긴이) ", 청미래 , 2022년 11월,0.0,문학
우리가 빛의 속도로 갈 수 없다면,김초엽 (지은이) , 허블 , 2019년 6월,4.5,문학
하얼빈,김훈 (지은이) , 문학동네 , 2022년 8월,4.5,문학
폭풍의 언덕 (한글판 + 영문판),"에밀리 브론테 (지은이), 김명신 (옮긴이) ", 더클래식 , 2014년 11월,4.5,문학
지구에서 한아뿐,정세랑 (지은이) , 난다 , 2019년 8월,4.0,문학
"오늘 밤, 세계에서 이 눈물이 사라진다 해도","이치조 미사키 (지은이), 김윤경 (옮긴이) ", 모모 , 2022년 8월,5.0,문학
백만장자를 위한 공짜 음식 1,"이민진 (지은이), 유소영 (옮긴이) ", 인플루엔셜(주) , 2023년 1월,4.5,문학
리스본행 야간열차,"파스칼 메르시어(페터 비에리) (지은이), 전은경 (옮긴이) ", 비채 , 2022년 12월,5.0,문학
15초 후에 죽는다,"사카키바야시 메이 (지은이), 이연승 (옮긴이) ", 블루홀식스(블루홀6) , 2023년 2월,5.0,문학
도롱뇽과의 전쟁,"카렐 차페크 (지은이), 김선형 (옮긴이) ", 열린책들 , 2023년 2월,4.5,문학
1984,"조지 오웰 (지은이), 정회성 (옮긴이) ", 민음사 , 2012년 7월,4.5,문학
지구 끝의 온실,김초엽 (지은이) , 자이언트북스 , 2021년 8월,4.5,문학
오만과 편견 (한글판),"제인 오스틴 (지은이), 김유미 (옮긴이) ", 더클래식 , 2013년 5월,4.0,문학
프로젝트 헤일메리,"앤디 위어 (지은이), 강동혁 (옮긴이) ", 알에이치코리아(RHK) , 2021년 5월,5.0,문학
노인과 바다 (한글),"어니스트 헤밍웨이 (지은이), 이수정 (옮긴이) ", 더클래식 , 2012년 11월,4.0,문학
소년이 온다,한강 (지은이) , 창비 , 2014년 5월,5.0,문학
내가 행복한 이유,"그렉 이건 (지은이), 김상훈 (옮긴이) ", 허블 , 2022년 8월,4.5,문학
피프티 피플 (개정판),정세랑 (지은이) , 창비 , 2021년 10월,4.5,문학
백광,"렌조 미키히코 (지은이), 양윤옥 (옮긴이) ", 모모 , 2022년 3월,4.5,문학
차라투스트라는 이렇게 말했다,"프리드리히 니체 (지은이), 장희창 (옮긴이) ", 민음사 , 2012년 10월,4.0,문학
유리탑의 살인,"치넨 미키토 (지은이), 김은모 (옮긴이) ", 리드비 , 2023년 1월,5.0,문학
로미오와 줄리엣 (한글판+영문판),"윌리엄 셰익스피어 (지은이), 한우리 (옮긴이) ", 더클래식 , 2013년 11월,5.0,문학
아리스토텔레스 시학 (그리스어 원전 완역본),"아리스토텔레스 (지은이), 박문재 (옮긴이) ", 현대지성 , 2021년 3월,5.0,문학
타이탄의 세이렌,"커트 보니것 (지은이), 강동혁 (옮긴이) ", 문학동네 , 2023년 1월,4.5,문학
안녕의 의식,"미야베 미유키 (지은이), 홍은주 (옮긴이) ", 비채 , 2023년 1월,4.5,문학
우리가 세상을 이해하길 멈출 때,"벵하민 라바투트 (지은이), 노승영 (옮긴이) ", 문학동네 , 2022년 6월,4.5,문학
삼국지 원전 완역판 5 공명,"요시카와 에이지 (엮은이), 나관중 (원작), 바른번역 (옮긴이) ", 코너스톤 , 2020년 3월,0.0,문학
삼국지 원전 완역판 4 신도,"요시카와 에이지 (엮은이), 나관중 (원작), 바른번역 (옮긴이) ", 코너스톤 , 2020년 3월,0.0,문학
SF 명예의 전당 1,"아이작 아시모프, 프레드릭 브라운, 리처드 매드슨, 프리츠 라이버, 존 W. 캠벨, A.E. 밴 보그트, 클리포드 D. 시맥, 머레이 라인스터, C. M 콘블루스, 앤소니 바우처, 제임스 블리시, 톰 고드윈 (지은이), 로버트 실버버그 (엮은이), 박상준, 고호관, 박병곤, 지정훈 (옮긴이) ", 오멜라스(웅진) , 2015년 2월,4.5,문학
젊은 베르터의 슬픔,"요한 볼프강 폰 괴테 (지은이), 김해생 (옮긴이), 이동현, 김미소, 원종준 (낭독) ", 별글 , 2020년 2월,5.0,문학
심령들이 잠들지 않는 그곳에서,"조나탕 베르베르 (지은이), 정혜용 (옮긴이) ", 열린책들 , 2023년 1월,5.0,문학
달러구트 꿈 백화점,이미예 (지은이) , 팩토리나인 , 2020년 7월,4.0,문학
달러구트 꿈 백화점 2,이미예 (지은이) , 팩토리나인 , 2021년 7월,4.5,문학
"오늘 밤, 세계에서 이 사랑이 사라진다 해도","이치조 미사키 (지은이), 권영주 (옮긴이) ", 모모 , 2021년 6월,4.0,문학
오만과 편견 (한글+영문판),"제인 오스틴 (지은이), 김유미 (옮긴이) ", 더클래식 , 2013년 5월,3.5,문학
하늘과 바람과 별과 시 (한글판),윤동주 (지은이) , 더클래식 , 2016년 2월,5.0,문학
아가미,구병모 (지은이) , 위즈덤하우스 , 2018년 4월,4.5,문학
이방인,"알베르 카뮈 (지은이), 김화영 (옮긴이) ", 민음사 , 2020년 12월,4.5,문학
동급생,"프레드 울만 (지은이), 황보석 (옮긴이) ", 열린책들 , 2017년 2월,4.5,문학
유령의 마음으로,임선우 (지은이) , 민음사 , 2022년 4월,5.0,문학
노랜드,천선란 (지은이) , 한겨레출판 , 2022년 6월,5.0,문학
데미안: 오리지널 초판본,"헤르만 헤세 (지은이), 이미영 (옮긴이), 김선형 (해설) ", 코너스톤 , 2017년 2월,5.0,문학
삼국지 원전 완역판 2 군성,"요시카와 에이지 (엮은이), 나관중 (원작), 바른번역 (옮긴이) ", 코너스톤 , 2020년 3월,5.0,문학
음식 중독,"마이클 모스 (지은이), 연아람 (옮긴이) ", 민음사 , 2023년 1월,4.5,인문
미스터 프레지던트,탁현민 (지은이) , 메디치미디어 , 2023년 2월,5.0,인문
사피엔스,"유발 하라리 (지은이), 조현욱 (옮긴이), 이태수 (감수) ", 김영사 , 2023년 1월,4.5,인문
공정하다는 착각,"마이클 샌델 (지은이), 함규진 (옮긴이) ", 와이즈베리 , 2020년 11월,4.0,인문
왕자님의 연애편지,이경민 (지은이) , 라이스메이커 , 2022년 12월,5.0,인문
중국은 어떻게 실패하는가,"할 브랜즈, 마이클 베클리 (지은이), 김종수 (옮긴이) ", 부키 , 2023년 2월,5.0,인문
뉴욕 정신과 의사의 사람 도서관,나종호 (지은이) , 아몬드 , 2022년 5월,4.5,인문
자미,"오드리 로드 (지은이), 송섬별 (옮긴이) ", 디플롯 , 2023년 2월,5.0,인문
마가리타 27호,양승채 (지은이) , 다다북스 , 2023년 1월,5.0,인문
정의란 무엇인가,"마이클 샌델 (지은이), 김명철 (옮긴이), 김선욱 (감수) ", 와이즈베리 , 2014년 11월,4.5,인문
지리의 힘,"팀 마샬 (지은이), 김미선 (옮긴이) ", 사이 , 2016년 8월,4.0,인문
지리의 힘 2,"팀 마샬 (지은이), 김미선 (옮긴이) ", 사이 , 2022년 4월,4.0,인문
시장으로 간 성폭력,김보화 (지은이) , 휴머니스트 , 2023년 2월,5.0,인문
"다시, 어떻게 읽을 것인가","나오미 배런 (지은이), 전병근 (옮긴이) ", 어크로스 , 2023년 1월,4.5,인문
영화를 빨리 감기로 보는 사람들,"이나다 도요시 (지은이), 황미숙 (옮긴이) ", 현대지성 , 2022년 11월,5.0,인문
우리는 중독을 사랑해,도우리 (지은이) , 한겨레출판 , 2022년 11월,4.5,인문
전쟁으로 보는 서양사,"살라흐 앗 딘 (지은이), 압둘와헤구루 (그림) ", 부커 , 2023년 2월,4.5,인문
군주론,"니콜로 마키아벨리 (지은이), 이시연 (옮긴이) ", 더클래식 , 2018년 11월,4.5,인문
빈곤 과정,조문영 (지은이) , 글항아리 , 2022년 12월,4.0,인문
리추얼의 종말,"한병철 (지은이), 전대호 (옮긴이) ", 김영사 , 2021년 10월,5.0,인문
경제 뉴스가 그렇게 어렵습니까?,이상민 (지은이) , 빨간소금 , 2023년 1월,4.0,인문
가족을 구성할 권리,김순남 (지은이) , 오월의봄 , 2022년 10월,5.0,인문
나는 어떻게 성형미인이 되었나,임소연 (지은이) , 돌베개 , 2022년 12월,5.0,인문
반드시 읽어야 할 사회학 베스트 30,"다케우치 요우 (지은이), 윤경희 (옮긴이) ", 더디퍼런스 , 2023년 2월,0.0,인문
최재천의 공부,"최재천, 안희경 (지은이) ", 김영사 , 2022년 5월,4.5,인문
사이보그가 되다,"김초엽, 김원영 (지은이) ", 사계절 , 2021년 1월,4.5,인문
자유론 (개정판),"존 스튜어트 밀 (지은이), 서병훈 (옮긴이) ", 책세상 , 2018년 4월,4.5,인문
우리가 명함이 없지 일을 안 했냐,경향신문 젠더기획팀 (지은이) , 휴머니스트 , 2023년 1월,5.0,인문
나는 옐로에 화이트에 약간 블루,"브래디 미카코 (지은이), 김영현 (옮긴이) ", 다다서재 , 2020년 4월,5.0,인문
돌봄과 작업,"홍한별, 정서경, 서유미 (지은이) ", 돌고래 , 2022년 12월,4.5,인문
교사의 말 연습,김성효 (지은이) , 빅피시 , 2023년 1월,5.0,인문
피로사회,"한병철 (지은이), 김태환 (옮긴이) ", 문학과지성사 , 2012년 3월,4.5,인문
선량한 차별주의자,김지혜 (지은이) , 창비 , 2019년 7월,4.0,인문
"사람, 장소, 환대",김현경 (지은이) , 문학과지성사 , 2016년 11월,0.0,인문
침묵의 봄,"레이첼 카슨 (지은이), 김은령 (옮긴이), 홍욱희 (감수) ", 에코리브르 , 2018년 4월,4.5,인문
랩 걸,"호프 자런 (지은이), 김희정 (옮긴이) ", 알마 , 2017년 7월,0.0,인문
어떻게 공부할 것인가,"마크 맥대니얼, 피터 브라운, 헨리 뢰디거 (지은이), 김아영 (옮긴이) ", 와이즈베리 , 2014년 12월,4.5,인문
공부머리 독서법 : 실현 가능하고 지속 가능한 독서교육의 모든 것,최승필 (지은이) , 책구루 , 2018년 7월,4.5,인문
김지은입니다,김지은 (지은이) , 봄알람 , 2020년 3월,4.5,인문
욕구들,"캐럴라인 냅 (지은이), 정지인 (옮긴이) ", 북하우스 , 2021년 6월,5.0,인문
인간의 흑역사 : 인간의 욕심은 끝이 없고 똑같은 실수를 반복한다,"톰 필립스 (지은이), 홍한결 (옮긴이) ", 윌북 , 2019년 10월,4.5,인문
다락방의 미친 여자,"샌드라 길버트, 수전 구바 (지은이), 박오복 (옮긴이) ", 북하우스 , 2022년 9월,5.0,인문
신비롭지 않은 여자들,임소연 (지은이) , 민음사 , 2022년 6월,4.5,인문
"차이나 쇼크, 한국의 선택",한청훤 (지은이) , 사이드웨이 , 2022년 8월,4.5,인문
깻잎 투쟁기,우춘희 (지은이) , 교양인 , 2022년 6월,5.0,인문
타오르는 질문들,"마거릿 애트우드 (지은이), 이재경 (옮긴이) ", 위즈덤하우스 , 2022년 10월,5.0,인문
사물의 소멸,"한병철 (지은이), 전대호 (옮긴이) ", 김영사 , 2022년 9월,5.0,인문
정희진처럼 읽기,정희진 (지은이) , 교양인 , 2017년 5월,0.0,인문
식량위기 대한민국,남재작 (지은이) , 웨일북 , 2022년 7월,4.5,인문
반항하는 인간,"알베르 카뮈 (지은이), 김화영 (옮긴이) ", 민음사 , 2021년 7월,5.0,인문
가짜 자존감 권하는 사회,김태형 (지은이) , 갈매나무 , 2018년 1월,4.5,인문
말을 부수는 말,이라영 (지은이) , 한겨레출판 , 2023년 1월,5.0,인문
"여성, 인종, 계급","앤절라 Y. 데이비스 (지은이), 성원 (옮긴이) ", arte(아르테) , 2022년 8월,5.0,인문
납치된 도시에서 길찾기,전현우 (지은이) , 민음사 , 2022년 12월,5.0,인문
경계선 지능 아동의 정서사회성,"정하나, 유선미, 김지연 (지은이) ", 이담북스 , 2021년 11월,5.0,인문
한 번은 불러보았다,정회옥 (지은이) , 위즈덤하우스 , 2022년 10월,4.5,인문
허쌤의 학급경영 코칭,테크빌교육(즐거운학교) ,, 2019년 7월,5.0,인문
애덤 스미스 함께 읽기,장경덕 (지은이) , 글항아리 , 2023년 2월,0.0,인문
호모 데우스,"유발 하라리 (지은이), 김명주 (옮긴이) ", 김영사 , 2023년 1월,4.5,인문
악의 마음을 읽는 자들 : 국내 최초 프로파일러의 연쇄살인 추적기,"고나무, 권일용 (지은이) ", 알마 , 2018년 11월,4.0,인문
왜 세계의 절반은 굶주리는가?,"우석훈, 장 지글러 (지은이), 유영미 (옮긴이) ", 갈라파고스 , 2016년 7월,4.5,인문
월든 (한글판),"헨리 데이비드 소로 (지은이), 전행선 (옮긴이) ", 더클래식 , 2013년 6월,4.0,인문
계속 가보겠습니다,임은정 (지은이) , 메디치미디어 , 2022년 8월,5.0,인문
두 번째 지구는 없다,"타일러 라쉬 (지은이), 이영란 (감수) ", 알에이치코리아(RHK) , 2020년 7월,4.5,인문
군주론,"니콜로 마키아벨리 (지은이), 김운찬 (옮긴이) ", 현대지성 , 2021년 7월,5.0,인문
"빌 게이츠, 기후재앙을 피하는 법","빌 게이츠 (지은이), 김민주, 이엽 (옮긴이) ", 김영사 , 2021년 2월,4.5,인문
나는 오늘 나에게 ADHD라는 이름을 주었다,신지수 (지은이) , 휴머니스트 , 2021년 7월,4.0,인문
타인의 해석 : 당신이 모르는 사람을 만났을 때,"말콤 글래드웰 (지은이), 유강은 (옮긴이), 김경일 (감수) ", 김영사 , 2020년 3월,4.0,인문
군주론,"니콜로 마키아벨리 (지은이), 강정인, 김경희 (옮긴이) ", 까치 , 2019년 11월,4.5,인문
국가는 왜 실패하는가,"대런 애쓰모글루, 제임스 A. 로빈슨 (지은이), 최완규 (옮긴이), 장경덕 (감수) ", 시공사 , 2020년 2월,4.0,인문
사이코패스는 일상의 그늘에 숨어 지낸다,"이수정, 김경옥 (지은이) ", 중앙M&B , 2018년 8월,4.0,인문
해러웨이 선언문,"도나 해러웨이 (지은이), 황희선 (옮긴이) ", 책세상 , 2019년 7월,0.0,인문
공산당 선언 (개정판),"카를 마르크스, 프리드리히 엥겔스 (지은이), 이진우 (옮긴이) ", 책세상 , 2018년 8월,4.0,인문
특이점이 온다,"레이 커즈와일 (지은이), 장시형, 김명남 (옮긴이), 진대제 (감수) ", 김영사 , 2020년 2월,5.0,인문
마이너리티 디자인,"사와다 도모히로 (지은이), 김영현 (옮긴이) ", 다다서재 , 2022년 6월,5.0,인문
"예정된 전쟁 : 미국과 중국의 패권 경쟁,  그리고 한반도의 운명","그레이엄 앨리슨 (지은이), 정혜윤 (옮긴이) ", 세종(세종서적) , 2018년 1월,4.0,인문
펀 홈 : 가족 희비극 (2019 텍스트형 전자책 제작 지원 선정작),"앨리슨 벡델 (지은이), 이현 (옮긴이) ", 움직씨 , 2019년 12월,4.5,인문
수학 잘하는 아이는 이렇게 공부합니다,류승재 (지은이) , 블루무스 , 2021년 3월,4.5,인문
최종 경고 : 6도의 멸종,"마크 라이너스 (지은이), 김아림 (옮긴이) ", 세종(세종서적) , 2022년 7월,5.0,인문
"여성, 경찰하는 마음","여성 경찰 23인 (지은이), 주명희 (엮은이), 경찰 젠더연구회 (기획) ", 생각정원 , 2022년 10월,5.0,인문
문명의 충돌,"새뮤얼 헌팅턴 (지은이), 이희재 (옮긴이) ", 김영사 , 2017년 4월,4.0,인문
여성과 광기,"필리스 체슬러 (지은이), 임옥희 (옮긴이) ", 위고 , 2021년 10월,5.0,인문
사라질 수 없는 사람들,"제니퍼 M. 실바 (지은이), 성원 (옮긴이) ", 문예출판사 , 2022년 12월,5.0,인문
알지 못하는 아이의 죽음,"은유 (지은이), 임진실 (사진) ", 돌베개 , 2019년 7월,5.0,인문
중동전쟁,"임용한, 조현영 (지은이) ", 레드리버 , 2022년 12월,5.0,인문
프로테스탄티즘의 윤리와 자본주의 정신,"막스 베버 (지은이), 박성수 (옮긴이) ", 문예출판사 , 2013년 10월,4.0,인문
길 위의 철학자,"에릭 호퍼 (지은이), 방대수 (옮긴이) ", 이다미디어 , 2014년 2월,4.0,인문
포르노랜드 : 당신이 웃어넘긴 야동의 실체,"게일 다인스 (지은이), 신혜빈 (옮긴이) ", 열다북스 , 2020년 3월,4.5,인문
함께 읽는 민법 : 채권각론편,김삼연 (지은이) , 도서출판 시우 , 2015년 9월,0.0,인문
함께 읽는 민법 : 채권총론 편,김삼연 (지은이) , 도서출판 시우 , 2015년 5월,2.0,인문
장애인과 함께 사는 법,백정연 (지은이) , 유유 , 2022년 4월,4.5,인문
자유주의,"에드먼드 포셋 (지은이), 신재성 (옮긴이) ", 글항아리 , 2022년 12월,5.0,인문
프로메테우스의 금속,"기욤 피트롱 (지은이), 양영란 (옮긴이) ", 갈라파고스 , 2021년 6월,5.0,인문
자본주의와 장애,"마타 러셀 (지은이), 키스 로즌솔 (엮은이), 조영학 (옮긴이) ", 동아시아 , 2022년 11월,0.0,인문
나는 옐로에 화이트에 약간 블루 2,"브래디 미카코 (지은이), 김영현 (옮긴이) ", 다다서재 , 2022년 9월,5.0,인문
탈혼기,유혜담 (지은이) , 별세계 , 2022년 6월,5.0,인문
낙인찍힌 몸,염운옥 (지은이) , 돌베개 , 2019년 9월,4.5,인문
어떤 양형 이유,박주영 (지은이) , 모로 , 2023년 1월,0.0,인문
장애의 역사,"킴 닐슨 (지은이), 김승섭 (옮긴이) ", 동아시아 , 2020년 11월,4.5,인문
미즈키 시게루의 라바울 전기,"미즈키 시게루 (지은이), 김효진 (옮긴이) ", AK(에이케이)커뮤니케이션즈 , 2022년 6월,4.5,인문
물고기는 존재하지 않는다,"룰루 밀러 (지은이), 정지인 (옮긴이) ", 곰출판 , 2022년 1월,4.0,에세이/산문
어른의 어휘 공부,신효원 (지은이) , 책장속북스 , 2022년 9월,5.0,에세이/산문
인생을 숙제처럼 살지 않기로 했다,웃따(나예랑) (지은이) , 다산북스 , 2023년 2월,5.0,에세이/산문
소설가라는 이상한 직업,장강명 (지은이) , 유유히 , 2023년 2월,4.5,에세이/산문
인생의 역사,신형철 (지은이) , 난다 , 2022년 12월,5.0,에세이/산문
시간이 있었으면 좋겠다 : 삶의 여백을 사랑하는 일에 대해,김신지 (지은이) , 잠비 , 2023년 2월,5.0,에세이/산문
제 마음대로 살아보겠습니다,이원지 (지은이) , 상상출판 , 2019년 12월,5.0,에세이/산문
사람을 얻는 지혜 (스페인어 원전 완역본),"발타자르 그라시안 (지은이), 김유경 (옮긴이) ", 현대지성 , 2022년 10월,5.0,에세이/산문
불안,"알랭 드 보통 (지은이), 정영목 (옮긴이) ", 은행나무 , 2011년 12월,4.5,에세이/산문
사랑의 기술 (개정판),"에리히 프롬 (지은이), 황문수 (옮긴이) ", 문예출판사 , 2019년 9월,4.0,에세이/산문
사랑은 그렇게 하는 것이 아니다,김달 (지은이) , 빅피시 , 2022년 10월,5.0,에세이/산문
"아무튼, 현수동",장강명 (지은이) , 위고 , 2023년 2월,4.5,에세이/산문
아주 오랜만에 행복하다는 느낌,백수린 (지은이) , 창비 , 2022년 10월,5.0,에세이/산문
우리는 비슷한 얼굴을 하고서,김달님 (지은이) , 수오서재 , 2023년 2월,5.0,에세이/산문
자미,"오드리 로드 (지은이), 송섬별 (옮긴이) ", 디플롯 , 2023년 2월,5.0,에세이/산문
천문학자는 별을 보지 않는다,심채경 (지은이) , 문학동네 , 2021년 2월,4.5,에세이/산문
나는 좌절의 스페셜리스트입니다,백혜선 (지은이) , 다산북스 , 2023년 1월,5.0,에세이/산문
빅터 프랭클의 죽음의 수용소에서,"빅터 프랭클 (지은이), 이시형 (옮긴이) ", 청아출판사 , 2020년 7월,4.5,에세이/산문
탈무드 - 더클래식 세계문학 컬렉션,"유대교 랍비 (지은이), 더클래식 편집부 (옮긴이) ", 더클래식 , 2017년 8월,4.0,에세이/산문
아침의 피아노,김진영 (지은이) , 한겨레출판 , 2019년 1월,4.5,에세이/산문
오늘 하지 않아도 되는 걱정은 오늘 하지 않습니다,데니스 홍 (지은이) , 인플루엔셜(주) , 2022년 12월,4.5,에세이/산문
H마트에서 울다,"미셸 자우너 (지은이), 정혜윤 (옮긴이) ", 문학동네 , 2022년 2월,4.5,에세이/산문
여행의 이유,김영하 (지은이) , 문학동네 , 2019년 6월,4.0,에세이/산문
죽고 싶지만 떡볶이는 먹고 싶어,백세희 (지은이) , 흔 , 2018년 6월,3.0,에세이/산문
소크라테스 익스프레스,"에릭 와이너 (지은이), 김하현 (옮긴이) ", 어크로스 , 2021년 5월,4.5,에세이/산문
젊은 ADHD의 슬픔,정지음 (지은이) , 민음사 , 2021년 6월,4.5,에세이/산문
모든 것은 기본에서 시작한다,손웅정 (지은이) , 수오서재 , 2022년 1월,4.5,에세이/산문
명상록 : 철학자 황제가 전쟁터에서 자신에게 쓴 일기,"마르쿠스 아우렐리우스 (지은이), 박문재 (옮긴이) ", 현대지성 , 2018년 4월,4.5,에세이/산문
지금 이 순간을 살아라,"에크하르트 톨레 (지은이), 노혜숙, 유영일 (옮긴이) ", 양문 , 2014년 5월,4.5,에세이/산문
사랑한다고 상처를 허락하지 말 것,김달 (지은이) , 비에이블 , 2020년 11월,4.5,에세이/산문
잘될 수밖에 없는 너에게,최서영 (지은이) , 북로망스 , 2022년 9월,5.0,에세이/산문
세상을 보는 지혜 (한글판 + 영문판),"발타자르 그라시안 (지은이), 노화직 (옮긴이) ", 더클래식 , 2015년 7월,5.0,에세이/산문
카메라를 끄고 씁니다,"양영희 (지은이), 인예니 (옮긴이) ", 마음산책 , 2022년 11월,5.0,에세이/산문
다다다,김영하 (지은이) , 복복서가 , 2021년 4월,3.5,에세이/산문
기분을 관리하면 인생이 관리된다,김다슬 (지은이) , 클라우디아 , 2022년 10월,4.0,에세이/산문
망그러진 만화 : 망그러진 곰과 햄터의 귀염뽀짝 일상다반사!,유랑 (지은이) , 좋은생각 , 2022년 11월,5.0,에세이/산문
사람을 얻는 지혜,"발타자르 그라시안 (지은이), 임정재 (옮긴이) ", 타커스(끌레마) , 2016년 3월,5.0,에세이/산문
나의 아름다운 할머니,심윤경 (지은이) , 사계절 , 2022년 8월,4.5,에세이/산문
모국어는 차라리 침묵,목정원 (지은이) , 아침달 , 2022년 6월,4.5,에세이/산문
저 별은 모두 당신을 위해 빛나고 있다,손힘찬(오가타 마리토) (지은이) , RISE(떠오름) , 2022년 5월,5.0,에세이/산문
평일도 인생이니까,김신지 (지은이) , 알에이치코리아(RHK) , 2020년 4월,4.5,에세이/산문
우리가 명함이 없지 일을 안 했냐,경향신문 젠더기획팀 (지은이) , 휴머니스트 , 2023년 1월,5.0,에세이/산문
나는 옐로에 화이트에 약간 블루,"브래디 미카코 (지은이), 김영현 (옮긴이) ", 다다서재 , 2020년 4월,5.0,에세이/산문
가부장제의 경로를 이탈하였습니다,아넵 (지은이) , 위즈덤하우스 , 2022년 9월,5.0,에세이/산문
지구에서 영어생활자로 살아남는 법,백애리 (지은이) , 그래도봄 , 2023년 2월,5.0,에세이/산문
작가의 루틴 : 소설 쓰는 하루,"김중혁, 박솔뫼, 범유진 (지은이) ", &(앤드) , 2023년 1월,5.0,에세이/산문
미국에서 F2비자로 살아남기,장윤정(애슐리) (지은이) , 유페이퍼 , 2023년 1월,0.0,에세이/산문
만지고 싶은 기분,요조 (Yozoh) (지은이) , 마음산책 , 2023년 1월,4.5,에세이/산문
짝 없는 여자와 도시,"비비언 고닉 (지은이), 박경선 (옮긴이) ", 글항아리 , 2023년 2월,5.0,에세이/산문
어린이라는 세계,김소영 (지은이) , 사계절 , 2020년 11월,4.5,에세이/산문
전쟁은 여자의 얼굴을 하지 않았다,"스베틀라나 알렉시예비치 (지은이), 박은정 (옮긴이) ", 문학동네 , 2015년 10월,5.0,에세이/산문
골든아워 1,이국종 (지은이) , 흐름출판 , 2018년 11월,5.0,에세이/산문
누구에게도 상처받을 필요는 없다,지민석 (지은이) , 스튜디오오드리 , 2022년 4월,5.0,에세이/산문
이웃집 퀴어 이반지하,이반지하 (지은이) , 문학동네 , 2021년 8월,5.0,에세이/산문
시지프 신화,"알베르 카뮈 (지은이), 김화영 (옮긴이) ", 민음사 , 2021년 1월,4.0,에세이/산문
욕구들,"캐럴라인 냅 (지은이), 정지인 (옮긴이) ", 북하우스 , 2021년 6월,5.0,에세이/산문
사건,"아니 에르노 (지은이), 윤석헌 (옮긴이) ", 민음사 , 2019년 12월,4.5,에세이/산문
배움의 발견,"타라 웨스트오버 (지은이), 김희정 (옮긴이) ", 열린책들 , 2019년 12월,4.5,에세이/산문
어른의 중력,"사티아 도일 바이오크 (지은이), 임슬애 (옮긴이) ", 윌북 , 2022년 12월,4.5,에세이/산문
잘해봐야 시체가 되겠지만,"케이틀린 도티 (지은이), 임희근 (옮긴이) ", 반비 , 2020년 3월,4.0,에세이/산문
축구를 하며 생각한 것들,손흥민 (지은이) , 브레인스토어 , 2022년 11월,4.5,에세이/산문
헤맨다고 모두 길을 잃는 것은 아니다,김달 (지은이) , 빅피시 , 2021년 8월,5.0,에세이/산문
"스물아홉 생일, 1년 후 죽기로 결심했다 (스페셜 에디션 한정판)","하야마 아마리 (지은이), 장은주 (옮긴이) ", 예담 , 2021년 9월,4.0,에세이/산문
사랑은 없다 : 쇼펜하우어 인생론 에세이,"아르투어 쇼펜하우어 (지은이), 이동진 (옮긴이) ", 해누리기획 , 2019년 10월,4.5,에세이/산문
단정한 반복이 나를 살릴 거야,봉현 (지은이) , (주)미디어창비 , 2022년 7월,4.5,에세이/산문
부지런한 사랑,이슬아 (지은이) , 문학동네 , 2020년 10월,4.0,에세이/산문
타오르는 질문들,"마거릿 애트우드 (지은이), 이재경 (옮긴이) ", 위즈덤하우스 , 2022년 10월,5.0,에세이/산문
젊은 시인에게 보내는 편지,"라이너 마리아 릴케 (지은이), 송영택 (옮긴이) ", 문예출판사 , 2018년 5월,4.0,에세이/산문
네 가지 질문 : 내 삶을 바꾸는 경이로운 힘,"스티븐 미첼, 바이런 케이티 (지은이), 김윤 (옮긴이) ", 침묵의향기 , 2020년 2월,5.0,에세이/산문
오늘은 좀 매울지도 몰라,강창래 (지은이) , 문학동네 , 2018년 5월,4.5,에세이/산문
정희진처럼 읽기,정희진 (지은이) , 교양인 , 2017년 5월,0.0,에세이/산문
나는 왜 엄마가 힘들까 (리커버 에디션),썸머(이현주) (지은이) , 책과이음 , 2021년 12월,5.0,에세이/산문
사실은 사랑받고 싶었어,"박재연 (지은이), 박성혜 (그림) ", 한빛라이프 , 2021년 3월,5.0,에세이/산문
삐삐언니는 조울의 사막을 건넜어,이주현 (지은이) , 한겨레출판 , 2020년 7월,4.5,에세이/산문
감옥으로부터의 사색,신영복 (지은이) , 돌베개 , 2022년 2월,4.5,에세이/산문
짐승일기,김지승 (지은이) , 난다 , 2022년 12월,5.0,에세이/산문
"제가 한번 해보았습니다, 남기자의 체헐리즘",남형도 (지은이) , 김영사 , 2020년 6월,5.0,에세이/산문
보이지 않는 곳에서 애쓰고 있는 너에게,최대호 (지은이) , 떠오름 , 2022년 3월,5.0,에세이/산문
만남은 지겹고 이별은 지쳤다 (10만 부 기념 리커버 에디션),색과 체 (지은이) , 떠오름 , 2022년 6월,4.5,에세이/산문
사랑의 기술,"에리히 프롬 (지은이), 황문수 (옮긴이), 류승곤 (낭독) ", 문예출판사 , 2021년 8월,4.0,에세이/산문
"마음을 쏘다, 활","오이겐 헤리겔 (지은이), 정창호 (옮긴이) ", 걷는책 , 2021년 9월,5.0,에세이/산문
디 에센셜 조지 오웰,"조지 오웰 (지은이), 정회성, 강문순 (옮긴이) ", 민음사 , 2022년 9월,5.0,에세이/산문
끈기의 말들,강민선 (지은이) , 유유 , 2023년 2월,0.0,에세이/산문
대화의 밀도,류재언 (지은이) , 라이프레코드 , 2023년 1월,5.0,에세이/산문
웰컴 투 패닉 에어포트,홍만춘 (지은이) , 마누스 , 2023년 1월,5.0,에세이/산문
MBTI의 모든 것,"나우진, 김준환, 이지희 (지은이) ", 메이트북스 , 2023년 2월,5.0,에세이/산문
편의점 재영씨,신재영 (지은이) , 에쎄 , 2023년 2월,5.0,에세이/산문
진짜 게으른 사람이 쓴 게으름 탈출법,지이 (지은이) , 마인드빌딩 , 2020년 2월,4.5,에세이/산문
여자 둘이 살고 있습니다,"황선우, 김하나 (지은이) ", 위즈덤하우스 , 2019년 2월,4.5,에세이/산문
슬픔을 공부하는 슬픔,신형철 (지은이) , 한겨레출판 , 2018년 1월,4.5,에세이/산문
월든 (한글판),"헨리 데이비드 소로 (지은이), 전행선 (옮긴이) ", 더클래식 , 2013년 6월,4.0,에세이/산문
최소한의 이웃,허지웅 (지은이) , 김영사 , 2022년 8월,5.0,에세이/산문
삶으로 다시 떠오르기,"에크하르트 톨레 (지은이), 류시화 (옮긴이) ", 연금술사 , 2013년 8월,4.5,에세이/산문
일기 日記,황정은 (지은이) , 창비 , 2021년 10월,4.5,에세이/산문
쇳밥일지,천현우 (지은이) , 문학동네 , 2022년 8월,4.5,에세이/산문
마음이 흐르는 대로,지나영 (지은이) , 다산북스 , 2020년 11월,4.5,에세이/산문
헌책방 기담 수집가,윤성근 (지은이) , 프시케의숲 , 2021년 12월,4.5,에세이/산문
무라카미 하루키 잡문집,"무라카미 하루키 (지은이), 이영미 (옮긴이) ", 비채 , 2016년 11월,4.0,에세이/산문
마음사전,김소연 (지은이) , 마음산책 , 2013년 3월,4.5,에세이/산문
내가 죽으면 장례식에 누가 와줄까 (개정판),필름(Feelm) ,, 2020년 1월,4.5,에세이/산문
생생하게 살아 있는 캐릭터 만드는 법,"키라앤 펠리컨 (지은이), 정미화 (옮긴이) ", 아날로그(글담) , 2023년 1월,5.0,문화/예술
심판,"베르나르 베르베르 (지은이), 전미연 (옮긴이) ", 열린책들 , 2020년 8월,4.5,문화/예술
나는 좌절의 스페셜리스트입니다,백혜선 (지은이) , 다산북스 , 2023년 1월,5.0,문화/예술
혼자 해도 프로 작가처럼 잘 그리는 아이패드 드로잉 with 프로크리에이트,빨간고래(박정아) (지은이) , 한빛미디어 , 2022년 6월,5.0,문화/예술
일 잘하는 디자이너,"시부야 료이치(파치파치 디자인) (지은이), 안동현 (옮긴이) ", 이지스퍼블리싱 , 2023년 2월,5.0,문화/예술
"철학자 들뢰즈, 화가 베이컨을 말하다",박정태 (지은이) , 이학사 , 2019년 1월,5.0,문화/예술
딜레마 사전,"안젤라 애커만, 베카 푸글리시 (지은이), 오수원 (옮긴이) ", 윌북 , 2022년 8월,4.5,문화/예술
카메라를 끄고 씁니다,"양영희 (지은이), 인예니 (옮긴이) ", 마음산책 , 2022년 11월,5.0,문화/예술
[합본] 나의 해방일지 일반판,박해영 (지은이) , 오브제 , 2023년 2월,4.5,문화/예술
헤어질 결심 각본,"박찬욱, 정서경 (지은이) ", 을유문화사 , 2022년 8월,5.0,문화/예술
햄릿 (한글+영문판),"윌리엄 셰익스피어 (지은이), 한우리 (옮긴이) ", 더클래식 , 2013년 6월,5.0,문화/예술
모국어는 차라리 침묵,목정원 (지은이) , 아침달 , 2022년 6월,4.5,문화/예술
오셀로 (한글판 + 영문판),"윌리엄 셰익스피어 (지은이), 김민애 (옮긴이) ", 더클래식 , 2015년 1월,0.0,문화/예술
한경아르떼 합스부르크 600년 매혹의 걸작들 100배 즐기기,한경arte 특별취재팀 (지은이) , 한국경제신문 , 2022년 12월,5.0,문화/예술
1일 1클래식 1포옹,"클레먼시 버턴힐 (지은이), 이석호 (옮긴이) ", 윌북 , 2023년 1월,5.0,문화/예술
인간의 마음을 사로잡는 스무 가지 플롯,"로널드 B. 토비아스 (지은이), 김석만 (옮긴이) ", 풀빛 , 2015년 3월,4.5,문화/예술
바냐 아저씨 (한글판),"안톤 파블로비치 체호프 (지은이), 장한 (옮긴이) ", 더클래식 , 2014년 6월,5.0,문화/예술
캐릭터 직업 사전,"안젤라 애커만, 베카 푸글리시 (지은이), 최세민 (옮긴이) ", 윌북 , 2021년 10월,4.5,문화/예술
인형의 집,"헨리크 입센 (지은이), 안미란 (옮긴이) ", 민음사 , 2012년 7월,4.5,문화/예술
STORY 시나리오 어떻게 쓸 것인가,"로버트 맥키 (지은이), 고영범, 이승민 (옮긴이) ", 민음인 , 2019년 2월,4.5,문화/예술
오셀로,"윌리엄 셰익스피어 (지은이), 최종철 (옮긴이) ", 민음사 , 2013년 2월,4.5,문화/예술
닫힌 방.악마와 선한 신,"장 폴 사르트르 (지은이), 지영래 (옮긴이) ", 민음사 , 2022년 7월,4.5,문화/예술
아이패드로 캐릭터 디자인 with 프로크리에이트,"3dtotal Publishing (지은이), 김혜연 (옮긴이) ", 이지스퍼블리싱 (주) , 2022년 4월,5.0,문화/예술
도시는 무엇으로 사는가,유현준 (지은이) , 을유문화사 , 2015년 5월,4.5,문화/예술
햄릿 (한글),"윌리엄 셰익스피어 (지은이), 한우리 (옮긴이) ", 더클래식 , 2012년 12월,4.0,문화/예술
맥베스 (한글판),"윌리엄 셰익스피어 (지은이), 한우리 (옮긴이) ", 더클래식 , 2013년 8월,4.0,문화/예술
빌런의 공식,"사샤 블랙 (지은이), 정지현 (옮긴이) ", 윌북 , 2022년 10월,5.0,문화/예술
한계선을 넘다,크래프톤 (지은이) , 황금가지 , 2022년 11월,5.0,문화/예술
벚꽃동산 (한글판),"안톤 파블로비치 체호프 (지은이), 장한 (옮긴이) ", 더클래식 , 2013년 12월,3.5,문화/예술
앤드류 루미스의 인체 드로잉,앤드류 루미스 (지은이) , 아르드 , 2020년 3월,0.0,문화/예술
아가씨 각본,"박찬욱, 정서경 (지은이) ", 그책 , 2016년 9월,4.5,문화/예술
일러스트로 배우는 채색 테크닉,"무라 카루키 (지은이), 김재훈 (옮긴이) ", AK(에이케이)커뮤니케이션즈 , 2022년 6월,5.0,문화/예술
오셀로 (한글판),"윌리엄 셰익스피어 (지은이), 김민애 (옮긴이) ", 더클래식 , 2017년 4월,0.0,문화/예술
[세트] 디테일 사전 (총2권),"안젤라 애커만, 베카 푸글리시 (지은이), 최세희 (옮긴이) ", 윌북 , 2021년 5월,4.0,문화/예술
밤으로의 긴 여로,"유진 오닐 (지은이), 민승남 (옮긴이) ", 민음사 , 2012년 10월,4.5,문화/예술
"디자인, 이렇게 하면 되나요?","오자와 하야토 (지은이), 구수영 (옮긴이) ", 제이펍 , 2022년 6월,5.0,문화/예술
나는 스마트폰으로 매일 인생사진 찍는다,방쿤 (지은이) , T.W.I.G(티더블유아이지)(주) , 2021년 6월,5.0,문화/예술
이상한 날씨,"올리비아 랭 (지은이), 이동교 (옮긴이) ", 어크로스 , 2021년 12월,4.5,문화/예술
기이한 것과 으스스한 것,"마크 피셔 (지은이), 안현주 (옮긴이) ", 구픽 , 2019년 8월,0.0,문화/예술
명화로 읽는 합스부르크 역사,"나카노 교코 (지은이), 이유라 (옮긴이) ", 한경arte , 2022년 10월,4.5,문화/예술
파우스트 1,"요한 볼프강 폰 괴테 (지은이), 정서웅 (옮긴이) ", 민음사 , 2022년 5월,4.5,문화/예술
된다! 깨비의 DSLR&미러리스 사진 수업,박기덕 (지은이) , 이지스퍼블리싱 (주) , 2022년 1월,5.0,문화/예술
들으면서 익히는 클래식 명곡,최은규 (지은이) , 메이트북스 , 2022년 11월,5.0,문화/예술
도널드 노먼의 디자인과 인간 심리,"도널드 A. 노먼 (지은이), 박창호 (옮긴이) ", 학지사 , 2022년 2월,4.0,문화/예술
이상한 변호사 우영우 1,문지원 (지은이) , 김영사 , 2022년 10월,5.0,문화/예술
버려지는 디자인 통과되는 디자인- 웹&앱 디자인,신승희 (지은이) , 길벗 , 2019년 8월,3.0,문화/예술
한국불교미술사,"정은우, 안귀숙, 김리나 (지은이) ", 미진사 , 2021년 7월,5.0,문화/예술
예술에서의 정신적인 것에 대하여,"바실리 칸딘스키 (지은이), 권영필 (옮긴이) ", 열화당 , 2021년 11월,0.0,문화/예술
영화식 만화 만들기,"오쓰카 에이지 (지은이), 선정우 (옮긴이) ", 북바이북 , 2023년 2월,4.5,문화/예술
가장 쉬운 인스타툰 만들기,박희연(ELLA) (지은이) , 정보문화사 , 2022년 6월,5.0,문화/예술
사용자의 마음을 움직이는 UX 디자인의 힘,김동후 (지은이) , 맹그로브숲 , 2021년 5월,5.0,문화/예술
레오폴드 아우어의 바이올린 레슨,레오폴드 아우어 (지은이) , 아르드 , 2018년 12월,0.0,문화/예술
아파트,박철수 (지은이) , 마티 , 2014년 4월,4.5,문화/예술
교향곡,최은규 (지은이) , 마티 , 2018년 1월,5.0,문화/예술
바이올린 연주와 교육의 원리,이반 갈라미안 (지은이) , 아르드 , 2020년 6월,0.0,문화/예술
30일 완성! 나도 드럼 친다 : 초보 편,최성수 (지은이) , 이담북스 , 2020년 4월,0.0,문화/예술
[세트] 셰익스피어 4대 비극 에디션 (총4권),"윌리엄 셰익스피어 (지은이), 최종철 (옮긴이) ", 민음사 , 2021년 12월,3.5,문화/예술
어떻게 미치지 않을 수 있겠니?,김갑수 (지은이) , 오픈하우스 , 2014년 12월,4.0,문화/예술
디자이너's PRO 건축 인테리어 디자인,김석훈 (지은이) , 길벗 , 2014년 7월,4.0,문화/예술
월드 오브 워크래프트 3,"블리자드 엔터테인먼트, 크리스 멧젠 (지은이), 고경훈 (옮긴이) ", 제우미디어 , 2019년 8월,5.0,문화/예술
술꾼도시여자들 시즌 2,위소영 (지은이) , 북로그컴퍼니 , 2023년 2월,0.0,문화/예술
슈룹 1,박바라 (지은이) , 북로그컴퍼니 , 2023년 1월,0.0,문화/예술
아르헤리치의 말,"마르타 아르헤리치, 올리비에 벨라미 (지은이), 이세진 (옮긴이) ", 마음산책 , 2023년 2월,5.0,문화/예술
고도를 기다리며,"사뮈엘 베케트 (지은이), 오증자 (옮긴이) ", 민음사 , 2014년 12월,4.5,문화/예술
문제적 캐릭터 심리 사전,"한민, 박성미, 유지현 (지은이) ", 시크릿하우스 , 2022년 10월,5.0,문화/예술
정확한 사랑의 실험,신형철 (지은이) , 마음산책 , 2014년 10월,4.5,문화/예술
스토리텔링 바이블,"대니얼 조슈아 루빈 (지은이), 이한이 (옮긴이) ", 블랙피쉬 , 2020년 12월,5.0,문화/예술
[세트] 더클래식 셰익스피어의 4대 비극 컬렉션 세트 (한글판+영문판),"윌리엄 셰익스피어 (지은이), 한우리, 김민애 (옮긴이) ", 더클래식 , 2015년 11월,5.0,문화/예술
쓸 만한 인간,박정민 (지은이) , 상상출판 , 2019년 9월,4.5,문화/예술
오늘부터 차근차근 아이패드 드로잉,배성규 (지은이) , 북라이프 , 2021년 6월,5.0,문화/예술
로미오와 줄리엣 (한글판),"윌리엄 셰익스피어 (지은이), 한우리 (옮긴이) ", 더클래식 , 2013년 11월,0.0,문화/예술
현대미술은 처음인데요 : 큐레이터가 들려주는 친절한 미술이야기,"제시카 체라시, 안휘경 (지은이), 조경실 (옮긴이) ", 행성B(행성비) , 2017년 8월,4.5,문화/예술
손에 땀을 쥐게 하는 이야기 쓰는 법,"조단 E. 로젠펠드 (지은이), 정미화 (옮긴이) ", 아날로그(글담) , 2022년 4월,5.0,문화/예술
스토리 창작자를 위한 빌런 작법서 : 당신의 이야기를 빛내줄 악당 키워드 17,차무진 (지은이) , 요다 , 2020년 11월,4.5,문화/예술
[세트] 시나리오 어떻게 쓸 것인가 (총2권),"로버트 맥키 (지은이), 고영범, 이승민 (옮긴이) ", 민음인 , 2019년 2월,0.0,문화/예술
일산오빠의 실용음악 기초이론 1,윤영준 (지은이) , 1458music , 2018년 12월,4.5,문화/예술
시련,"아서 밀러 (지은이), 최영 (옮긴이) ", 민음사 , 2018년 12월,4.5,문화/예술
인형의 집,"헨리크 입센 (지은이), 박진권 (옮긴이) ", 더클래식 , 2022년 5월,0.0,문화/예술
"아무튼, 피아노",김겨울 (지은이) , 제철소 , 2022년 4월,4.5,문화/예술
맥베스,"윌리엄 셰익스피어 (지은이), 최종철 (옮긴이) ", 민음사 , 2013년 2월,4.0,문화/예술
위로의 미술관,진병관 (지은이) , 빅피시 , 2022년 8월,5.0,문화/예술
"스토리, 꼭 그래야 할까?","양혜석, 문아름 (지은이) ", 시공아트 , 2022년 7월,5.0,문화/예술
디테일 사전 : 도시 편,"안젤라 애커만, 베카 푸글리시 (지은이), 최세희 (옮긴이) ", 윌북 , 2021년 5월,5.0,문화/예술
관객모독,"페터 한트케 (지은이), 윤용호 (옮긴이) ", 민음사 , 2018년 12월,4.0,문화/예술
LIVE2D 캐릭터 모델링 기초 강의,"fumi(후미) (지은이), 김재훈 (옮긴이) ", AK(에이케이)커뮤니케이션즈 , 2022년 1월,0.0,문화/예술
재즈 잇 업 jazz it up,남무성 (지은이) , 서해문집 , 2018년 4월,5.0,문화/예술
판타지 유니버스 창작 가이드,"미야나가 다다마사 (지은이), 전홍식 (옮긴이) ", 요다 , 2019년 5월,4.0,문화/예술
디테일 사전 : 시골 편,"안젤라 애커만, 베카 푸글리시 (지은이), 최세희 (옮긴이) ", 윌북 , 2021년 5월,4.5,문화/예술
방구석 미술관  : 가볍고 편하게 시작하는 유쾌한 교양 미술,조원재 (지은이) , 블랙피쉬 , 2020년 4월,3.5,문화/예술
당신이 잃어버린 것,"유희경, 박춘근, 고재귀, 조정일, 김현우, 김태형, 천정완, 조인숙, 임상미 (지은이), 창작집단 독 (엮은이) ", 제철소 , 2016년 9월,4.5,문화/예술
아이패드 드로잉&페인팅 with 프로크리에이트,"3D토털 퍼블리싱 (지은이), 김혜연 (옮긴이) ", 이지스퍼블리싱 (주) , 2020년 9월,4.5,문화/예술
픽셀아트 배경 그리는 법,"APO+, MOTOCROSS SAITO, SETAMO (지은이) ", AK(에이케이)커뮤니케이션즈 , 2021년 12월,5.0,문화/예술
캐릭터 의상 다양하게 그리기 - 동작과 주름 표현법,라비마루 (지은이) , 에이케이커뮤니케이션즈 , 2020년 10월,0.0,문화/예술
일상을 담는 아이패드 드로잉,이이오 (지은이) , 한빛라이프 , 2022년 3월,5.0,문화/예술
[세트] 기생충 각본집 & 스토리보드북 (총2권),봉준호 (지은이) , 플레인아카이브 , 2020년 3월,4.5,문화/예술
브랜드 디자인,"캐서린 슬레이드브루킹 (지은이), 이재경 (옮긴이) ", 홍디자인 , 2018년 8월,5.0,문화/예술
뒤렌마트 희곡선,"프리드리히 뒤렌마트 (지은이), 김혜숙 (옮긴이) ", 민음사 , 2018년 7월,4.5,문화/예술
혼자서 본 영화,정희진 (지은이) , 교양인 , 2018년 3월,4.5,문화/예술
햄릿,"윌리엄 셰익스피어 (지은이), 신동운 (옮긴이) ", 스타북스 , 2020년 3월,4.5,문화/예술
시나리오 레시피,홍지운 (지은이) , 요다 , 2021년 12월,5.0,문화/예술
거의 모든 일상 표현의 영어,"케빈 강, 해나 변 (지은이) ", 사람in , 2022년 11월,5.0,외국어
키위엔 영어회화 하루 5분의 기적,박강준 (지은이) , 키위엔 , 2022년 12월,5.0,외국어
미국인 사용빈도 다반사 영어회화 구동사,"김아영, Jennifer Grill (지은이) ", 사람in , 2023년 2월,5.0,외국어
해커스 토익 실전 1000제 1 RC Reading 문제집 (리딩),해커스어학연구소 (지은이) , 해커스어학연구소(Hackers) , 2023년 1월,0.0,외국어
거의 모든 행동 표현의 영어,서영조 (지은이) , 사람in , 2022년 3월,5.0,외국어
옥스퍼드 오늘의 단어책,"수지 덴트 (지은이), 고정아 (옮긴이) ", 윌북 , 2023년 1월,4.5,외국어
NEW 일본어 상용한자 2136 한권으로 끝내기,"이이호시 카즈야, 한선희 (지은이) ", 다락원 , 2021년 1월,4.5,외국어
키다리 아저씨 (한글판 + 영문판),"진 웹스터 (지은이), 허윤정 (옮긴이) ", 더클래식 , 2015년 9월,4.5,외국어
JLPT(일본어능력시험) 한권으로 끝내기 N3,"이치우, 기타지마 치즈코 (지은이) ", 다락원 , 2021년 11월,4.0,외국어
영어 회화 핵심패턴 233 (2023개정판),백선엽 (지은이) , 길벗이지톡 , 2023년 1월,5.0,외국어
영어 회화의 결정적 단어들,서영조 (지은이) , 사람in , 2020년 3월,5.0,외국어
센스 있는 영어 표현,에디 리 (지은이) , 넥서스 , 2022년 12월,5.0,외국어
해커스 토익 실전 1000제 1 LC Listening 문제집 (리스닝),해커스어학연구소 (지은이) , 해커스어학연구소(Hackers) , 2023년 1월,0.0,외국어
해커스 토익 실전 1000제 2 RC Reading (리딩) 문제집 (2023 최신개정판),해커스어학연구소 (지은이) , 해커스어학연구소(Hackers) , 2023년 1월,0.0,외국어
거의 모든 숫자 표현의 영어,"조나단 데이비스, 유현정 (지은이) ", 사람in , 2020년 6월,5.0,외국어
해커스톡 여행영어 10분의 기적,해커스어학연구소 (지은이) , 해커스어학연구소(Hackers) , 2020년 5월,5.0,외국어
해커스 여행일본어 10분의 기적,해커스JLPT연구소 (지은이) , 해커스어학연구소(Hackers) , 2020년 2월,4.5,외국어
해커스 첫토익 LC + RC + VOCA,해커스어학연구소 (지은이) , 해커스어학연구소(Hackers) , 2022년 9월,5.0,외국어
JLPT(일본어능력시험) 한권으로 끝내기 N2,"이치우, 기타지마 치즈코 (지은이) ", 다락원 , 2021년 11월,3.5,외국어
일본어 상용한자 무작정 따라하기 1,권경배 (지은이) , 길벗이지톡 , 2023년 2월,5.0,외국어
페스트 (한글판+영문),"알베르 카뮈 (지은이), 변광배 (옮긴이) ", 미르북컴퍼니 , 2014년 6월,4.5,외국어
바로 쓰는 영어,"셀리 (지은이), Thomas W. Selley (감수) ", 넥서스 , 2022년 7월,5.0,외국어
영어 필사 100일의 기적,퍼포먼스 코치 리아 (지은이) , 넥서스 , 2021년 11월,4.5,외국어
영어 단어의 결정적 뉘앙스들,"케빈 강, 해나 변 (지은이) ", 사람in , 2020년 9월,4.5,외국어
미국 영어 회화 문법 2,김아영 (지은이) , 사람in , 2019년 7월,4.5,외국어
해커스 그래머 게이트웨이 베이직 : 초보를 위한 기초 영문법 (Grammar Gateway Basic),David Cho (지은이) , 해커스어학연구소(Hackers) , 2022년 8월,5.0,외국어
JLPT 한권으로 끝내기 보카,김성곤 (지은이) , 다락원 , 2018년 8월,5.0,외국어
비즈니스 일본어회화 & 이메일 표현사전,인현진 (지은이) , 길벗이지톡 , 2016년 5월,5.0,외국어
영어일기 표현사전_필수패턴30,하명옥 (지은이) , 넥서스 , 2019년 11월,0.0,외국어
영어일기 표현사전_일상생활,하명옥 (지은이) , 넥서스 , 2019년 11월,0.0,외국어
어린 왕자 (한글판),"앙투안 드 생텍쥐페리 (지은이), 김미정 (옮긴이) ", 더클래식 , 2012년 6월,4.5,외국어
프랑켄슈타인 (한글+영문),"메리 셸리 (지은이), 구자언 (옮긴이) ", 미르북컴퍼니 , 2014년 6월,4.0,외국어
미국 영어 회화 문법 1,김아영 (지은이) , 사람in , 2019년 7월,4.5,외국어
구슬쌤의 예의 바른 영어 표현,구슬 (지은이) , 사람in , 2021년 1월,5.0,외국어
지킬 박사와 하이드 (한글+영문),로버트 루이스 스티븐슨 (지은이) , 미르북컴퍼니 , 2014년 6월,0.0,외국어
일본어 잘하고 싶을 땐 다락원 독학 첫걸음,정의상 (지은이) , 다락원 , 2019년 5월,5.0,외국어
JLPT(일본어능력시험) 한권으로 끝내기 N1,"이치우, 기타지마 치즈코 (지은이) ", 다락원 , 2021년 11월,4.0,외국어
오셀로 (한글판 + 영문판),"윌리엄 셰익스피어 (지은이), 김민애 (옮긴이) ", 더클래식 , 2015년 1월,0.0,외국어
해커스 토익 실전 1000제 3 LC LISTENING 문제집 (리스닝),해커스어학연구소 (지은이) , 해커스어학연구소(Hackers) , 2022년 7월,0.0,외국어
키다리 아저씨 2 : 그 후 이야기 (한글판 + 영문판),"진 웹스터 (지은이), 서현정 (옮긴이) ", 더클래식 , 2015년 11월,0.0,외국어
해커스 토익 실전 1000제 1 RC Reading 해설집 (리딩),해커스어학연구소 (지은이) , 해커스어학연구소(Hackers) , 2023년 1월,0.0,외국어
JLPT 일본어능력시험 한권으로 끝내기 N5,"이치우, 이한나 (지은이) ", 다락원 , 2022년 11월,4.5,외국어
해커스 토익 실전 1000제 1 LC Listening 해설집 (리스닝),해커스어학연구소 (지은이) , 해커스어학연구소(Hackers) , 2023년 1월,0.0,외국어
영어 회화 핵심패턴 233 중고급편(2023개정판),조이스 백 (지은이) , 길벗이지톡 , 2023년 1월,5.0,외국어
해커스톡 영어회화 10분의 기적 : 미국에서 당장 써먹는 영어,해커스어학연구소 (지은이) , 해커스어학연구소(Hackers) , 2022년 7월,5.0,외국어
여행 영어의 결정적 패턴들,서영조 (지은이) , 사람in , 2022년 5월,5.0,외국어
해커스 토익 실전 1000제 2 RC Reading (리딩) 해설집 (2023 최신개정판),해커스어학연구소 (지은이) , 해커스어학연구소(Hackers) , 2023년 1월,0.0,외국어
10일 만에 끝내는 해커스 토익스피킹(토스),해커스어학연구소 (엮은이) , 해커스어학연구소(Hackers) , 2023년 1월,0.0,외국어
영어일기 표현사전_취미활동 운동,하명옥 (지은이) , 넥서스 , 2019년 11월,0.0,외국어
영어일기 표현사전_건강,하명옥 (지은이) , 넥서스 , 2019년 11월,0.0,외국어
나혼자 끝내는 독학 일본어 첫걸음(최신 증보판),넥서스콘텐츠개발팀 (지은이) , 넥서스Japanese , 2022년 12월,0.0,외국어
"원서, 읽(힌)다",강주헌 (지은이) , 길벗이지톡 , 2023년 2월,4.0,외국어
영어는 아는 단어로,"스즈키 히로시 (지은이), 정은희 (옮긴이) ", 웅진지식하우스 , 2022년 12월,5.0,외국어
하루 10분 명문낭독 영어 스피킹 100 오디오북 레벨 1,"조이스 박 (지은이), 조이스 박 (해설), Jenny, Alex (낭독) ", 로그인 , 2020년 5월,4.0,외국어
영어 감정 표현 사전,"샘 노리스 (지은이), 정병선 (옮긴이) ", 길벗이지톡 , 2022년 7월,5.0,외국어
야간 비행 (한글+영문),"앙투안 드 생텍쥐페리 (지은이), 윤정임 (옮긴이) ", 미르북컴퍼니 , 2014년 6월,4.0,외국어
이솝 이야기 1 (한글+영문),이솝 (지은이) , 미르북컴퍼니 , 2014년 6월,5.0,외국어
변신 (한글판 + 영문판),"프란츠 카프카 (지은이), 한영란 (옮긴이) ", 더클래식 , 2015년 4월,0.0,외국어
일본어 무작정 따라하기 완전판,후지이 아사리 (지은이) , 길벗이지톡 , 2022년 8월,5.0,외국어
쉬운 단어로 1분 영어 말하기,에스텔 (지은이) , 넥서스 , 2020년 8월,5.0,외국어
이솝 이야기 2 (한글+영문),이솝 (지은이) , 미르북컴퍼니 , 2014년 6월,0.0,외국어
영어독립 365,"영어독립단어 콘텐츠팀, 신미주 (지은이), 김재우 (감수) ", 상상스퀘어 , 2022년 7월,5.0,외국어
착! 붙는 일본어 독학 첫걸음,일본어 공부기술연구소 (지은이) , 시사일본어사 , 2021년 2월,3.5,외국어
톰 소여의 모험 (한글+영문),"마크 트웨인 (지은이), 마도경 (옮긴이) ", 미르북컴퍼니 , 2014년 6월,4.0,외국어
별 (한글판 + 영문판),"알퐁스 도데 (지은이), 조정훈 (옮긴이) ", 더클래식 , 2015년 1월,0.0,외국어
100% 네이티브 영국 영어,"브릿센트, 심상보 (지은이) ", 넥서스 , 2022년 7월,5.0,외국어
JLPT(일본어능력시험) 한권으로 끝내기 N4,"이치우, 이한나 (지은이) ", 다락원 , 2021년 11월,5.0,외국어
NEW 일본어 상용한자 기초 마스터 1026,"이이호시 카즈야, 한선희 (지은이) ", 다락원 , 2020년 5월,4.0,외국어
해커스톡 영어회화 10분의 기적 : 패턴으로 말하기,해커스어학연구소 (지은이) , 해커스어학연구소(Hackers) , 2020년 5월,5.0,외국어
오즈의 마법사 3 (한글+영문),라이먼 프랭크 바움 (지은이) , 미르북컴퍼니 , 2014년 6월,4.0,외국어
프랑스어 회화 핵심패턴 233,"박만규, Arnaud Duval (지은이) ", 길벗이지톡 , 2015년 4월,5.0,외국어
영어 어휘 지식 백과 : 생활 교양 편,이지연 (지은이) , 사람in , 2023년 1월,5.0,외국어
영어회화 100일의 기적 개정판,문성현 (지은이) , 넥서스 , 2022년 9월,0.0,외국어
YBM 스타트 토익 RC,YBM 토익연구소 (지은이) , 와이비엠 , 2017년 9월,0.0,외국어
해커스 토익 실전 1000제 2 LC Listening (리스닝) 문제집 (2023 최신개정판),해커스어학연구소 (지은이) , 해커스어학연구소(Hackers) , 2023년 1월,0.0,외국어
여행 일본어 메뉴판 & 쇼핑 무작정 따라하기,강한나 (지은이) , 길벗이지톡 , 2019년 7월,5.0,외국어
YBM 실전토익 RC 1000,YBM 편집국 (지은이) , 와이비엠 , 2017년 1월,4.5,외국어
기초영어 1000문장 말하기 연습 1,박미진 (지은이) , 토마토출판사 , 2020년 3월,5.0,외국어
"모바일 영어단어장 1 : 영어단어 한글영어 3000, 한글파닉스로 초등영어단어, 중등영어단어 암기",정용재 (지은이) , 한글영어 , 2018년 1월,0.0,외국어
소리튠 영어혁명,갓주아(이정은) (지은이) , 미다스북스 , 2023년 1월,5.0,외국어
토익 800 플러스 필수 보카,넥서스 토익연구소 (지은이) , 넥서스 , 2022년 5월,0.0,외국어
해커스톡 영어회화 10분의 기적 : 아는 단어로 말하기,해커스어학연구소 (지은이) , 해커스어학연구소(Hackers) , 2020년 2월,5.0,외국어
영어일기 표현사전_여가활동 직장생활,하명옥 (지은이) , 넥서스 , 2019년 11월,0.0,외국어
영어일기 표현사전_하루일과,하명옥 (지은이) , 넥서스 , 2019년 11월,0.0,외국어
영어일기 표현사전_학교생활 학교행사,하명옥 (지은이) , 넥서스 , 2019년 11월,0.0,외국어
YBM 실전토익 LC 1000,YBM 편집국 (지은이) , 와이비엠 , 2017년 1월,5.0,외국어
영어일기 표현사전_날씨계절,하명옥 (지은이) , 넥서스 , 2019년 11월,0.0,외국어
영어일기 표현사전_성격 언행,하명옥 (지은이) , 넥서스 , 2019년 11월,0.0,외국어
꿈의 심리학 Dream Psychology,지크문트 프로이트 (지은이) , 유페이퍼 , 2017년 8월,0.0,외국어
영어일기 표현사전_의생활 외모,하명옥 (지은이) , 넥서스 , 2019년 11월,0.0,외국어
영어일기 표현사전_가족 집안일,하명옥 (지은이) , 넥서스 , 2019년 11월,0.0,외국어
영어일기 표현사전_집안행사 식생활,하명옥 (지은이) , 넥서스 , 2019년 11월,0.0,외국어
마녀의 빵	,오 헨리 (지은이) , 올리버북스 , 2012년 5월,0.0,외국어
착! 붙는 일본어 단어장,일본어 공부 기술 연구소 (지은이) , 시사일본어사 , 2021년 2월,4.0,외국어
영국 전래 동화 : 44편 (세계 문학 BEST 영어 원서 88),조지프 제이콥스 (지은이) , Bookmakers                               , 2017년 4월,0.0,외국어
아서왕과 원탁의 기사들 The Legends of KING ARTHUR and his KNIGHTS,제임스 놀스 (지은이) , 유페이퍼 , 2016년 3월,0.0,외국어
이현석 입이 트이는 영어 60일 끝내기 - 일상생활,이현석 (지은이) , EBS BOOKS , 2022년 3월,5.0,외국어
비즈니스 영어 회화 & 이메일 표현 사전,이지윤 (지은이) , 길벗이지톡 , 2023년 2월,5.0,외국어
무기여 잘 있거라 (한글+영문),"어니스트 헤밍웨이 (지은이), 이유정 (옮긴이) ", 미르북컴퍼니 , 2014년 6월,3.5,외국어
거의 모든 행동 표현의 일본어,"서영조, TJL 콘텐츠 연구소 (지은이), 고가 사토시 (감수) ", 사람in , 2022년 7월,5.0,외국어
당신도 느리게 나이 들 수 있습니다,정희원 (지은이) , 더퀘스트 , 2023년 1월,5.0,인문
만일 내가 인생을 다시 산다면 (10만 부 기념 스페셜 에디션),김혜남 (지은이) , 메이븐 , 2022년 11월,4.5,인문
인스타 브레인,"안데르스 한센 (지은이), 김아영 (옮긴이) ", 동양북스(동양문고) , 2020년 5월,4.5,인문
어른의 어휘 공부,신효원 (지은이) , 책장속북스 , 2022년 9월,5.0,인문
인생을 숙제처럼 살지 않기로 했다,웃따(나예랑) (지은이) , 다산북스 , 2023년 2월,5.0,인문
게으른 완벽주의자를 위한 심리학,"헤이든 핀치 (지은이), 이은정 (옮긴이) ", 시크릿하우스 , 2022년 8월,5.0,인문
사피엔스,"유발 하라리 (지은이), 조현욱 (옮긴이), 이태수 (감수) ", 김영사 , 2023년 1월,4.5,인문
지적 대화를 위한 넓고 얕은 지식 1 : 한 권으로 현실 세계를 통달하는 지식 여행서,채사장 (지은이) , 웨일북 , 2020년 2월,4.5,인문
씽킹 101,"안우경 (지은이), 김보람 (옮긴이) ", 흐름출판 , 2023년 1월,5.0,인문
기대의 발견,"데이비드 롭슨 (지은이), 이한나 (옮긴이) ", 까치 , 2023년 1월,5.0,인문
정리하는 뇌,"대니얼 J. 레비틴 (지은이), 김성훈 (옮긴이) ", 와이즈베리 , 2019년 7월,4.5,인문
다정한 것이 살아남는다,"브라이언 헤어, 버네사 우즈 (지은이), 이민아 (옮긴이), 박한선 (감수) ", 디플롯 , 2021년 10월,4.5,인문
사람을 얻는 지혜 (스페인어 원전 완역본),"발타자르 그라시안 (지은이), 김유경 (옮긴이) ", 현대지성 , 2022년 10월,5.0,인문
생생하게 살아 있는 캐릭터 만드는 법,"키라앤 펠리컨 (지은이), 정미화 (옮긴이) ", 아날로그(글담) , 2023년 1월,5.0,인문
작가는 어떻게 읽는가,"조지 손더스 (지은이), 정영목 (옮긴이) ", 어크로스 , 2023년 2월,4.0,인문
마흔에 읽는 니체,장재형 (지은이) , 유노북스 , 2022년 9월,4.5,인문
사랑의 기술 (개정판),"에리히 프롬 (지은이), 황문수 (옮긴이) ", 문예출판사 , 2019년 9월,4.0,인문
"욕망의 진화 : 사랑, 연애, 섹스, 결혼 남녀의 엇갈린 욕망에 담긴 진실","데이비드 버스 (지은이), 전중환 (옮긴이) ", 사이언스북스 , 2019년 11월,4.0,인문
공정하다는 착각,"마이클 샌델 (지은이), 함규진 (옮긴이) ", 와이즈베리 , 2020년 11월,4.0,인문
데일리 필로소피,"라이언 홀리데이, 스티븐 핸슬먼 (지은이), 장원철 (옮긴이) ", 다산초당 , 2021년 12월,4.5,인문
왕자님의 연애편지,이경민 (지은이) , 라이스메이커 , 2022년 12월,5.0,인문
클루지 : 생각의 역사를 뒤집는 기막힌 발견,최호영 (옮긴이) , 갤리온 , 2019년 7월,3.5,인문
내가 틀릴 수도 있습니다,"비욘 나티코 린데블라드 (지은이), 토마스 산체스 (그림), 박미경 (옮긴이) ", 다산초당(다산북스) , 2022년 4월,4.5,인문
아비투스,"도리스 메르틴 (지은이), 배명자 (옮긴이) ", 다산초당(다산북스) , 2020년 8월,4.0,인문
옥스퍼드 오늘의 단어책,"수지 덴트 (지은이), 고정아 (옮긴이) ", 윌북 , 2023년 1월,4.5,인문
무기력의 심리학,"브랫 프랭크 (지은이), 김두완 (옮긴이) ", 흐름출판 , 2023년 2월,5.0,인문
우울할 땐 뇌 과학,"앨릭스 코브 (지은이), 정지인 (옮긴이) ", 심심 , 2018년 3월,4.0,인문
설득의 심리학 (개정판),"로버트 치알디니 (지은이), 황혜숙 (옮긴이) ", 21세기북스 , 2013년 8월,4.5,인문
뉴욕 정신과 의사의 사람 도서관,나종호 (지은이) , 아몬드 , 2022년 5월,4.5,인문
늦깎이 천재들의 비밀,"데이비드 엡스타인 (지은이), 이한음 (옮긴이) ", 열린책들 , 2020년 5월,4.5,인문
읽었다는 착각,"조재윤, 조병영, 이형래 (지은이) ", EBS BOOKS , 2022년 12월,4.5,인문
도파민네이션,"애나 렘키 (지은이), 김두완 (옮긴이) ", 흐름출판 , 2022년 4월,4.5,인문
나는 왜 생각이 많을까?,"홋타 슈고 (지은이), 윤지나 (옮긴이) ", 서사원 , 2021년 8월,4.5,인문
나의 사주명리,현묘 (지은이) , 날(도서출판) , 2022년 11월,5.0,인문
정의란 무엇인가,"마이클 샌델 (지은이), 김명철 (옮긴이), 김선욱 (감수) ", 와이즈베리 , 2014년 11월,4.5,인문
지적 대화를 위한 넓고 얕은 지식 0(제로) : 지혜를 찾아 138억 년을 달리는 시간 여행서,채사장 (지은이) , 웨일북 , 2020년 2월,4.0,인문
지적 대화를 위한 넓고 얕은 지식 2 : 한 권으로 현실 너머를 통찰하는 지식 여행서,채사장 (지은이) , 웨일북 , 2020년 2월,4.5,인문
조국의 법고전 산책,조국 (지은이) , 오마이북 , 2022년 12월,5.0,인문
익스텐드 마인드,"애니 머피 폴 (지은이), 이정미 (옮긴이) ", 알에이치코리아(RHK) , 2022년 11월,5.0,인문
미움받을 용기 (200만 부 기념 스페셜 에디션),"기시미 이치로, 고가 후미타케 (지은이), 전경아 (옮긴이) ", 인플루엔셜(주) , 2023년 1월,4.5,인문
겸손한 공감,김병수 (지은이) , 더퀘스트 , 2022년 4월,5.0,인문
사소절,"이덕무 (지은이), 이동희 (옮긴이) ", 전통문화연구회 , 2013년 6월,4.5,인문
마음의 법칙,"폴커 키츠, 마누엘 투쉬 (지은이), 김희상 (옮긴이) ", 포레스트북스 , 2022년 2월,4.5,인문
빅터 프랭클의 죽음의 수용소에서,"빅터 프랭클 (지은이), 이시형 (옮긴이) ", 청아출판사 , 2020년 7월,4.5,인문
차라투스트라는 이렇게 말했다,"프리드리히 니체 (지은이), 장희창 (옮긴이) ", 민음사 , 2012년 10월,4.0,인문
놓아버림,"데이비드 호킨스 (지은이), 박찬준 (옮긴이) ", 판미동 , 2013년 11월,5.0,인문
마이너 필링스,"캐시 박 홍 (지은이), 노시내 (옮긴이) ", 마티 , 2021년 11월,4.5,인문
공감의 배신,"폴 블룸 (지은이), 이은진 (옮긴이) ", 시공사 , 2019년 8월,4.0,인문
아리스토텔레스 시학 (그리스어 원전 완역본),"아리스토텔레스 (지은이), 박문재 (옮긴이) ", 현대지성 , 2021년 3월,5.0,인문
"다시, 어떻게 읽을 것인가","나오미 배런 (지은이), 전병근 (옮긴이) ", 어크로스 , 2023년 1월,4.5,인문
인생이 지옥처럼 느껴질 때,"마샤 리네한 (지은이), 박지니, 정미나 (옮긴이) ", 비잉(Being) , 2022년 4월,3.0,인문
이어령의 마지막 수업,김지수 (지은이) , 열림원 , 2021년 11월,4.5,인문
생각에 관한 생각,"대니얼 카너먼 (지은이), 이창신 (옮긴이) ", 김영사 , 2018년 4월,4.5,인문
사이코패스 뇌과학자,"제임스 팰런 (지은이), 김미선 (옮긴이) ", 더퀘스트 , 2020년 10월,4.5,인문
은유의 글쓰기 상담소,은유 (지은이) , 김영사 , 2023년 1월,5.0,인문
건강의 뇌과학,"제임스 굿윈 (지은이), 박세연 (옮긴이) ", 현대지성 , 2022년 7월,5.0,인문
몸이 아프다고 생각했습니다,"앨러스테어 샌트하우스 (지은이), 신소희 (옮긴이) ", 심심 , 2022년 12월,5.0,인문
신은 성서를 쓰지 않았다,"카럴 판스하이크, 카이 미헬 (지은이), 추선영 (옮긴이) ", 시공사 , 2023년 1월,5.0,인문
"철학자 들뢰즈, 화가 베이컨을 말하다",박정태 (지은이) , 이학사 , 2019년 1월,5.0,인문
불륜의 심리학,"게르티 젱어, 발터 호프만 (지은이), 함미라 (옮긴이) ", 탐나는책 , 2023년 2월,0.0,인문
소크라테스 익스프레스,"에릭 와이너 (지은이), 김하현 (옮긴이) ", 어크로스 , 2021년 5월,4.5,인문
우리는 여전히 삶을 사랑하는가,"에리히 프롬 (지은이), 라이너 풍크 (엮은이), 장혜경 (옮긴이) ", 김영사 , 2022년 2월,5.0,인문
군주론,"니콜로 마키아벨리 (지은이), 이시연 (옮긴이) ", 더클래식 , 2018년 11월,4.5,인문
떨림과 울림,김상욱 (지은이) , 동아시아 , 2018년 11월,4.5,인문
명상록 : 철학자 황제가 전쟁터에서 자신에게 쓴 일기,"마르쿠스 아우렐리우스 (지은이), 박문재 (옮긴이) ", 현대지성 , 2018년 4월,4.5,인문
딜레마 사전,"안젤라 애커만, 베카 푸글리시 (지은이), 오수원 (옮긴이) ", 윌북 , 2022년 8월,4.5,인문
유혹의 기술,강미경 (옮긴이) , 웅진지식하우스 , 2014년 10월,4.5,인문
이야기의 핵심,"리비 호커 (지은이), 안은주 (옮긴이) ", 한즈미디어 , 2022년 9월,4.5,인문
노화의 종말,"매슈 D. 러플랜트, 데이비드 A. 싱클레어 (지은이), 이한음 (옮긴이) ", 부키 , 2020년 8월,4.0,인문
내향인을 위한 심리학 수업,최재훈 (지은이) , 미래의창 , 2022년 11월,5.0,인문
논어 - 손 안의 고전,황종원 (지은이) , 서책 , 2013년 1월,4.5,인문
사랑 수업,윤홍균 (지은이) , 심플라이프 , 2020년 12월,4.5,인문
타인의 마음,"김경일, 사피엔스 스튜디오 (지은이) ", 샘터사 , 2022년 12월,5.0,인문
빈곤 과정,조문영 (지은이) , 글항아리 , 2022년 12월,4.0,인문
리추얼의 종말,"한병철 (지은이), 전대호 (옮긴이) ", 김영사 , 2021년 10월,5.0,인문
설득의 심리학 2 (개정판),"노아 골드스타인, 스티브 마틴, 로버트 치알디니 (지은이), 윤미나 (옮긴이) ", 21세기북스 , 2015년 1월,4.0,인문
어슐러 K. 르 귄의 말,"어슐러 K. 르 귄 (지은이), 이수현 (옮긴이) ", 마음산책 , 2023년 1월,5.0,인문
한편 9호 : 외모,민음사 편집부 (엮은이) , 민음사 , 2022년 9월,0.0,인문
블루프린트,"니컬러스 A. 크리스타키스 (지은이), 이한음 (옮긴이) ", 부키 , 2022년 12월,4.5,인문
지금보다 괜찮은 어른,김혜민 (지은이) , 시크릿하우스 , 2023년 1월,5.0,인문
나는 어떻게 성형미인이 되었나,임소연 (지은이) , 돌베개 , 2022년 12월,5.0,인문
한 문장이라도 제대로 쓰는 법,이연정 (지은이) , 21세기북스 , 2023년 2월,5.0,인문
팩트풀니스 : 우리가 세상을 오해하는 10가지 이유와 세상이 생각보다 괜찮은 이유,"올라 로슬링, 안나 로슬링 뢴룬드, 한스 로슬링 (지은이), 이창신 (옮긴이) ", 김영사 , 2018년 2월,4.5,인문
최재천의 공부,"최재천, 안희경 (지은이) ", 김영사 , 2022년 5월,4.5,인문
12가지 인생의 법칙 (40만 부 기념 스페셜 에디션),"조던 B. 피터슨 (지은이), 강주헌 (옮긴이) ", 메이븐 , 2023년 2월,0.0,인문
이토록 뜻밖의 뇌과학,"리사 펠드먼 배럿 (지은이), 변지영 (옮긴이), 정재승 (감수) ", 더퀘스트 , 2021년 8월,4.5,인문
역사의 쓸모,최태성 (지은이) , 다산초당(다산북스) , 2019년 6월,4.5,인문
유혹하는 글쓰기 : 스티븐 킹의 창작론,"스티븐 킹 (지은이), 김진준 (옮긴이) ", 김영사 , 2020년 2월,4.5,인문
기억의 뇌과학,"리사 제노바 (지은이), 윤승희 (옮긴이) ", 웅진지식하우스 , 2022년 4월,4.5,인문
홀로서기 심리학,"라라 E. 필딩 (지은이), 이지민 (옮긴이) ", 메이븐 , 2020년 11월,5.0,인문
어떻게든 완성시켜드립니다,"도나 바커 (지은이), 이한이 (옮긴이) ", 위즈덤하우스 , 2023년 1월,5.0,인문
소크라테스의 변명·크리톤·파이돈·향연 (그리스어 원전 완역본) : 플라톤의 대화편,"플라톤 (지은이), 박문재 (옮긴이) ", 현대지성 , 2019년 12월,5.0,인문
어떤 고독은 외롭지 않다,"버지니아 울프, 에드거 앨런 포, 헨리 데이비드 소로 (지은이) ", 인플루엔셜(주) , 2022년 12월,4.5,인문
나는 왜 네 말이 힘들까,박재연 (지은이) , 한빛라이프 , 2020년 7월,4.5,인문
자유론 (개정판),"존 스튜어트 밀 (지은이), 서병훈 (옮긴이) ", 책세상 , 2018년 4월,4.5,인문
과학이 사랑에 대해 말해줄 수 있는 모든 것,"애나 마친 (지은이), 제효영 (옮긴이) ", 어크로스 , 2022년 12월,4.5,인문
비폭력 대화,"마셜 B. 로젠버그 (지은이), 캐서린 한 (옮긴이) ", 한국NVC출판사 , 2022년 10월,4.5,인문
돌봄과 작업,"홍한별, 정서경, 서유미 (지은이) ", 돌고래 , 2022년 12월,4.5,인문
기분이 태도가 되지 않으려면,나겨울 (지은이) , 떠오름 , 2021년 12월,5.0,인문
통찰지능,최연호 (지은이) , 글항아리 , 2022년 8월,5.0,인문
김미경의 마흔 수업,김미경 (지은이) , 어웨이크북스 , 2023년 2월,4.5,자기계발
사이토 히토리의 1퍼센트 부자의법칙,"사이토 히토리 (지은이), 김진아 (옮긴이) ", 나비스쿨 , 2023년 2월,5.0,자기계발
원씽,"게리 켈러, 제이 파파산 (지은이), 구세희 (옮긴이) ", 비즈니스북스 , 2013년 8월,4.0,자기계발
만일 내가 인생을 다시 산다면 (10만 부 기념 스페셜 에디션),김혜남 (지은이) , 메이븐 , 2022년 11월,4.5,자기계발
무조건 합격하는 암기의 기술,이윤규 (지은이) , 더퀘스트 , 2023년 1월,5.0,자기계발
역행자,자청 (지은이) , 웅진지식하우스 , 2022년 5월,4.0,자기계발
데일 카네기 인간관계론,"데일 카네기 (지은이), 임상훈 (옮긴이) ", 현대지성 , 2019년 10월,4.5,자기계발
어른의 어휘 공부,신효원 (지은이) , 책장속북스 , 2022년 9월,5.0,자기계발
게으른 완벽주의자를 위한 심리학,"헤이든 핀치 (지은이), 이은정 (옮긴이) ", 시크릿하우스 , 2022년 8월,5.0,자기계발
모든 것이 괜찮아지는 기술,"데런 브라운 (지은이), 김정희 (옮긴이) ", 너를위한 , 2023년 1월,5.0,자기계발
보도 섀퍼 부의 레버리지,"보도 섀퍼 (지은이), 한윤진 (옮긴이) ", 비즈니스북스 , 2023년 2월,5.0,자기계발
부는 어디서 오는가,"월리스 D. 와틀스 (지은이), 이상미 (옮긴이) ", 포레스트북스 , 2022년 12월,5.0,자기계발
데일 카네기 자기 관리론 (국내 최초 무삭제 완역본),"데일 카네기 (지은이), 유광선(WILDS), 김광수 (옮긴이) ", 와일드북 , 2023년 1월,5.0,자기계발
신경 끄기 연습,"나이토 요시히토 (지은이), 김한나 (옮긴이) ", 유노책주 , 2023년 1월,5.0,자기계발
사람을 얻는 지혜 (스페인어 원전 완역본),"발타자르 그라시안 (지은이), 김유경 (옮긴이) ", 현대지성 , 2022년 10월,5.0,자기계발
데일 카네기 자기관리론,데일 카네기 (지은이) , 현대지성 , 2021년 1월,4.5,자기계발
진짜 쓰는 실무 엑셀,오빠두(전진권) (지은이) , 제이펍 , 2022년 9월,5.0,자기계발
그릿(50만부 판매 기념 리커버 골드에디션),"앤절라 더크워스 (지은이), 김미정 (옮긴이) ", 비즈니스북스 , 2019년 2월,4.5,자기계발
10배의 법칙,"그랜트 카돈 (지은이), 최은아 (옮긴이) ", 부키 , 2022년 4월,4.5,자기계발
데일리 필로소피,"라이언 홀리데이, 스티븐 핸슬먼 (지은이), 장원철 (옮긴이) ", 다산초당 , 2021년 12월,4.5,자기계발
타이탄의 도구들,"팀 페리스 (지은이), 박선령, 정지현 (옮긴이) ", 토네이도 , 2017년 4월,4.0,자기계발
가진 돈은 몽땅 써라,"호리에 다카후미 (지은이), 윤지나 (옮긴이) ", 쌤앤파커스 , 2022년 6월,4.0,자기계발
되는 사람,"도널드 밀러 (지은이), 김은영 (옮긴이) ", 윌북 , 2023년 2월,5.0,자기계발
아주 작은 습관의 힘,"제임스 클리어 (지은이), 이한이 (옮긴이) ", 비즈니스북스 , 2019년 2월,4.5,자기계발
당신의 뇌는 최적화를 원한다,"가바사와 시온 (지은이), 오시연 (옮긴이) ", 쌤앤파커스 , 2019년 2월,4.0,자기계발
웰씽킹,켈리 최 (지은이) , 다산북스 , 2021년 11월,4.5,자기계발
멘탈을 바꿔야 인생이 바뀐다,박세니 (지은이) , 마인드셋 , 2022년 5월,4.0,자기계발
설득의 심리학 (개정판),"로버트 치알디니 (지은이), 황혜숙 (옮긴이) ", 21세기북스 , 2013년 8월,4.5,자기계발
회복탄력성 (리커버),김주환 (지은이) , 위즈덤하우스 , 2019년 4월,5.0,자기계발
레버리지 (20만 부 기념 블랙에디션),"롭 무어 (지은이), 김유미 (옮긴이) ", 다산북스 , 2023년 2월,0.0,자기계발
"우리, 편하게 말해요",이금희 (지은이) , 웅진지식하우스 , 2022년 10월,4.5,자기계발
조셉 머피 끌어당김의 기적,"조셉 머피 (지은이), 조율리 (옮긴이) ", 다산북스 , 2023년 1월,4.5,자기계발
마인드셋 (리커버 에디션),"캐롤 드웩 (지은이), 김윤재 (옮긴이) ", 스몰빅라이프 , 2023년 1월,4.0,자기계발
합리적 남자,"롤로 토마시 (지은이), 임현진 (옮긴이) ", 아니마 , 2020년 2월,4.5,자기계발
[요약발췌본] 하버드 100년 전통 말하기 수업,"이에스더 (옮긴이), 선호제 (낭독) ", 리드리드출판(한국능률협회) , 2020년 7월,4.5,자기계발
생각하라 그리고 부자가 되어라,"나폴레온 힐 (지은이), 빌 하틀리 (엮은이), 이한이 (옮긴이) ", 반니 , 2021년 6월,4.0,자기계발
밥 프록터 부의 확신,"밥 프록터 (지은이), 김문주 (옮긴이) ", 비즈니스북스 , 2022년 7월,5.0,자기계발
챗GPT,반병현 (지은이) , 생능북스 , 2023년 2월,4.5,자기계발
마음의 법칙,"폴커 키츠, 마누엘 투쉬 (지은이), 김희상 (옮긴이) ", 포레스트북스 , 2022년 2월,4.5,자기계발
비상식적 성공 법칙,"간다 마사노리 (지은이), 서승범 (옮긴이) ", 생각지도 , 2022년 6월,4.5,자기계발
보도 섀퍼의 이기는 습관,"보도 섀퍼 (지은이), 박성원 (옮긴이) ", 토네이도 , 2022년 4월,4.5,자기계발
생각이 너무 많은 서른 살에게,김은주 (지은이) , 메이븐 , 2021년 6월,4.0,자기계발
당신도 초자연적이 될 수 있다,"조 디스펜자 (지은이), 추미란 (옮긴이) ", 샨티 , 2022년 11월,4.5,자기계발
처음 20시간의 법칙,"조시 카우프만 (지은이), 방영호, 조혜란 (옮긴이) ", 알키 , 2014년 3월,4.0,자기계발
운의 심리학,유민지 (지은이) , 쌤앤파커스 , 2023년 2월,4.5,자기계발
The Secret 시크릿,"론다 번 (지은이), 김우열 (옮긴이) ", 살림Biz , 2012년 10월,4.0,자기계발
나는 4시간만 일한다,"팀 페리스 (지은이), 최원형, 윤춘송 (옮긴이) ", 다른상상 , 2017년 10월,3.0,자기계발
나는 무조건 합격하는 공부만 한다,이윤규 (지은이) , 비즈니스북스 , 2019년 12월,4.0,자기계발
기브 앤 테이크,"애덤 그랜트 (지은이), 윤태준 (옮긴이) ", 생각연구소 , 2013년 12월,4.5,자기계발
힘들어도 사람한테 너무 기대지 마세요,정우열 (지은이) , 동양북스(동양문고) , 2022년 5월,5.0,자기계발
무기가 되는 스토리 : 브랜드 전쟁에서 살아남는 7가지 문장 공식,"도널드 밀러 (지은이), 이지연 (옮긴이) ", 윌북 , 2018년 9월,4.5,자기계발
나는 왜 혼자가 편할까?,"오카다 다카시 (지은이), 김해용 (옮긴이) ", 동양북스(동양문고) , 2022년 2월,4.5,자기계발
당신의 뇌는 변화가 필요합니다,"가비아 톨리키타 (지은이), 이영래 (옮긴이) ", 비즈니스북스 , 2022년 12월,5.0,자기계발
밥 프록터의 위대한 확언,"밥 프록터 (지은이), 김잔디 (옮긴이), 조성희 (감수) ", 페이지2(page2) , 2022년 12월,5.0,자기계발
무조건 팔리는 카피,"글렌 피셔 (지은이), 박지혜 (옮긴이) ", 동양북스(동양문고) , 2023년 1월,5.0,자기계발
악마의 연애술 : 그를 내 남자로 만드는 긴자의 법칙 133,"나비 (지은이), 신현정 (옮긴이) ", 새움 , 2013년 4월,4.0,자기계발
일 잘하는 디자이너,"시부야 료이치(파치파치 디자인) (지은이), 안동현 (옮긴이) ", 이지스퍼블리싱 , 2023년 2월,5.0,자기계발
상상의 힘,네빌 고다드 (지은이) , 서른세개의계단 , 2023년 2월,4.5,자기계발
일생에 단 한번은 독기를 품어라,권민창 (지은이) , 마인드셋 , 2023년 2월,5.0,자기계발
유혹의 기술,강미경 (옮긴이) , 웅진지식하우스 , 2014년 10월,4.5,자기계발
지금 이 순간을 살아라,"에크하르트 톨레 (지은이), 노혜숙, 유영일 (옮긴이) ", 양문 , 2014년 5월,4.5,자기계발
백만장자 시크릿,"하브 에커 (지은이), 나선숙 (옮긴이) ", 알에이치코리아(RHK) , 2020년 8월,4.5,자기계발
네빌고다드의 부활,네빌 고다드 (지은이) , 서른세개의계단 , 2013년 12월,4.5,자기계발
네빌고다드 5일간의 강의,네빌 고다드 (지은이) , 서른세개의계단 , 2013년 2월,4.5,자기계발
세상을 보는 지혜 (한글판 + 영문판),"발타자르 그라시안 (지은이), 노화직 (옮긴이) ", 더클래식 , 2015년 7월,5.0,자기계발
영어 필사 100일의 기적,퍼포먼스 코치 리아 (지은이) , 넥서스 , 2021년 11월,4.5,자기계발
사랑 수업,윤홍균 (지은이) , 심플라이프 , 2020년 12월,4.5,자기계발
린치핀,"세스 고딘 (지은이), 윤영삼 (옮긴이) ", 라이스메이커 , 2019년 12월,4.0,자기계발
네빌링,리그파 (지은이) , 서른세개의계단 , 2014년 9월,4.5,자기계발
타인의 마음,"김경일, 사피엔스 스튜디오 (지은이) ", 샘터사 , 2022년 12월,5.0,자기계발
데일 카네기 성공대화론,"데일 카네기 (지은이), 임상훈 (옮긴이) ", 현대지성 , 2022년 10월,5.0,자기계발
임모틀맨 2,네빌 고다드 (지은이) , 서른세개의계단 , 2022년 12월,5.0,자기계발
‘한 번 더’의 힘,"에드 마일렛 (지은이), 박병화 (옮긴이) ", 토네이도 , 2022년 11월,5.0,자기계발
설득의 심리학 2 (개정판),"노아 골드스타인, 스티브 마틴, 로버트 치알디니 (지은이), 윤미나 (옮긴이) ", 21세기북스 , 2015년 1월,4.0,자기계발
적당히 느슨하게 조금씩 행복해지는 습관,"바쿠@정신과의 (지은이), 김윤경 (옮긴이) ", 부키 , 2023년 1월,4.5,자기계발
나는 하루 5분만 바꾸기로 했다,옥민송 (지은이) , 콘택트 , 2022년 12월,4.5,자기계발
콘텐츠의 신,직업의모든것(황해수) (지은이) , 라이스메이커 , 2022년 12월,5.0,자기계발
세상에서 가장 쉬운 하고 싶은 일 찾는 법,"야기 짐페이 (지은이), 장혜영 (옮긴이) ", ㈜소미미디어 , 2022년 6월,5.0,자기계발
최재천의 공부,"최재천, 안희경 (지은이) ", 김영사 , 2022년 5월,4.5,자기계발
사람을 얻는 지혜,"발타자르 그라시안 (지은이), 임정재 (옮긴이) ", 타커스(끌레마) , 2016년 3월,5.0,자기계발
신경 끄기의 기술  : 인생에서 가장 중요한 것만 남기는 힘,한재호 (옮긴이) , 갤리온 , 2017년 10월,4.0,자기계발
말 그릇 : 비울수록 사람을 더 채우는,김윤나 (지은이) , 카시오페아 , 2017년 9월,4.5,자기계발
찰리 멍거 바이블,"이건, 김재현 (지은이) ", 에프엔미디어 , 2022년 12월,4.5,자기계발
메이크 타임,"제이크 냅, 존 제라츠키 (지은이), 박우정 (옮긴이) ", 김영사 , 2019년 4월,4.5,자기계발
모든 것이 되는 법 : 꿈이 너무 많은 당신을 위한 새로운 삶의 방식,김보미 (옮긴이) , 웅진지식하우스 , 2017년 12월,4.5,자기계발
면접 바이블 2.0,면접왕 이형 (지은이) , 얼라이브북스(Alivebooks) , 2022년 4월,5.0,자기계발
더 바이브 The Vibe,이하영 (지은이) , 미다스북스 , 2023년 1월,5.0,자기계발
예쁘게 말하는 네가 좋다,김범준 (지은이) , 포레스트북스 , 2022년 7월,4.5,자기계발
불렛저널,"라이더 캐롤 (지은이), 최성옥 (옮긴이) ", 한빛비즈 , 2018년 11월,4.0,자기계발
말의 알고리즘,"김정호, 고은미 (지은이) ", 한밤의책 , 2022년 6월,5.0,자기계발
무례한 사람에게 휘둘리지 않는 법,정재훈 (지은이) , 마인드셋 , 2022년 5월,5.0,자기계발
데일리 크리에이티브,"토드 헨리 (지은이), 지소강, 양소하 (옮긴이) ", 인플루엔셜(주) , 2022년 12월,5.0,자기계발
"울트라러닝, 세계 0.1％가 지식을 얻는 비밀","스콧 영 (지은이), 이한이 (옮긴이) ", 비즈니스북스 , 2020년 2월,4.0,자기계발
리액트,"네빌 고다드 (지은이), 이상민 (옮긴이) ", 서른세개의계단 , 2020년 5월,4.0,자기계발
결혼은 신중하게 이혼은 신속하게,이지훈 (지은이) , 21세기북스 , 2021년 3월,4.5,자기계발
업무와 일상을 정리하는 새로운 방법 노션 Notion,"전시진, 이해봄 (지은이) ", 제이펍 , 2022년 12월,5.0,자기계발
시간을 선택하는 기술 블럭식스,정지하(룩말) (지은이) , 한즈미디어 , 2021년 12월,5.0,자기계발
내 생각과 관점을 수익화하는 퍼스널 브랜딩,촉촉한마케터(조한솔) (지은이) , 초록비책공방 , 2022년 9월,5.0,자기계발
이게 무슨 일이야!,(주)우아한형제들 (지은이) , 북스톤 , 2022년 8월,5.0,자기계발
지구에서 영어생활자로 살아남는 법,백애리 (지은이) , 그래도봄 , 2023년 2월,5.0,자기계발
세상에서 가장 쉬운 본질육아,지나영 (지은이) , 21세기북스 , 2022년 9월,5.0,가정/생활
자발적 방관육아,최은아 (지은이) , 쌤앤파커스 , 2023년 1월,5.0,가정/생활
초등입학 엄마의 비밀노트,지서영 (지은이) , 이페이지 , 2023년 1월,5.0,가정/생활
똑게육아,로리(김준희) (지은이) , 북로스트 , 2022년 5월,5.0,가정/생활
아들의 뇌,곽윤정 (지은이) , 포레스트북스 , 2021년 10월,5.0,가정/생활
0~5세 말걸기 육아의 힘,김수연 (지은이) , 위즈덤하우스 , 2020년 9월,5.0,가정/생활
내 아이를 위한 감정코칭,"조벽, 최성애, 존 가트맨 (지은이) ", 해냄출판사 , 2020년 2월,4.5,가정/생활
부모 인문학 수업,김종원 (지은이) , 청림Life , 2022년 7월,5.0,가정/생활
어떻게 말해줘야 할까,"오은영 (지은이), 차상미 (그림) ", 김영사 , 2020년 11월,5.0,가정/생활
돌봄과 작업,"홍한별, 정서경, 서유미 (지은이) ", 돌고래 , 2022년 12월,4.5,가정/생활
기분대로 아이를 키우지 않겠습니다,곽윤정 (지은이) , 포레스트북스 , 2022년 11월,5.0,가정/생활
우리 아이 기질 맞춤 양육 매뉴얼,정가은 (지은이) , 서사원 , 2022년 11월,5.0,가정/생활
공부머리 독서법 : 실현 가능하고 지속 가능한 독서교육의 모든 것,최승필 (지은이) , 책구루 , 2018년 7월,4.5,가정/생활
신의진의 아이심리백과 : 0~2세 편 (30만 부 기념 최신 증보판),신의진 (지은이) , 메이븐 , 2020년 6월,5.0,가정/생활
0~5세 뇌가 쑥쑥 자라는 놀이 육아,이보연 (지은이) , 위즈덤하우스 , 2020년 2월,5.0,가정/생활
잘 자고 잘 먹는 아기의 시간표,정재호 (지은이) , 한빛라이프 , 2014년 9월,5.0,가정/생활
케이크를 자르지 못하는 아이들,"미야구치 코지 (지은이), 부윤아 (옮긴이), 박찬선 (감수) ", 인플루엔셜(주) , 2020년 10월,4.5,가정/생활
엄마의 말 연습,윤지영 (지은이) , 카시오페아 , 2022년 10월,5.0,가정/생활
수학 잘하는 아이는 이렇게 공부합니다,류승재 (지은이) , 블루무스 , 2021년 3월,4.5,가정/생활
나는 내가 좋은 엄마인 줄 알았습니다,"앤절린 밀러 (지은이), 이미애 (옮긴이) ", 윌북 , 2020년 3월,5.0,가정/생활
ADHD 우리 아이 어떻게 키워야 할까,신윤미 (지은이) , 웅진지식하우스 , 2022년 9월,5.0,가정/생활
믿는 만큼 자라는 아이들,박혜란 (지은이) , 나무를심는사람들 , 2019년 10월,5.0,가정/생활
똑똑한 아이낳는 탈무드 태교 동화,글공작소 (엮은이) , 아름다운사람들 , 2013년 2월,4.5,가정/생활
10대 놀라운 뇌 불안한 뇌 아픈 뇌,김붕년 (지은이) , (주)대성 , 2021년 8월,5.0,가정/생활
다시 아이를 키운다면 (개정판),박혜란 (지은이) , 나무를심는사람들 , 2019년 5월,4.5,가정/생활
최강의 육아,"트레이시 커크로 (지은이), 정세영 (옮긴이) ", 앵글북스 , 2018년 7월,5.0,가정/생활
세상에서 제일 좋은 아이중심 몬테소리,씬디티쳐 박명진 (지은이) , 슬로래빗 , 2021년 2월,5.0,가정/생활
"어머니, 사교육을 줄이셔야 합니다",정승익 (지은이) , 메이트북스 , 2023년 1월,5.0,가정/생활
양육가설 : 부모가 자녀의 성장에 미치는 영향에 대한 탐구,"주디스 리치 해리스 (지은이), 최수근 (옮긴이), 황상민 (감수) ", 이김 , 2018년 5월,4.5,가정/생활
수학 잘하는 아이를 만드는 초등수학 심화 공부법,류승재 (지은이) , 블루무스 , 2022년 9월,5.0,가정/생활
하루 5분 언어 자극 놀이 120,"장재진 (지은이), 임소희 (그림) ", 카시오페아 , 2022년 12월,5.0,가정/생활
적당히 육아법,황미숙 (옮긴이) , 웅진리빙하우스 , 2020년 3월,5.0,가정/생활
오픈도어,"김승언 (지은이), 안동현 (감수) ", 한언출판사 , 2019년 7월,4.5,가정/생활
스스로 잘 자는 아기를 위한 스르륵 수면교육,범은경 (지은이) , 더블:엔 , 2022년 6월,4.0,가정/생활
균형 육아,정우열 (지은이) , 팬덤북스 , 2017년 7월,5.0,가정/생활
내 아이의 강점지능,"곽윤정, 강민수, 이지혜, 엄채윤 (지은이) ", 21세기북스 , 2013년 2월,5.0,가정/생활
관계가 힘든 아이 잘 키우는 법,민경미 (지은이) , 빌리버튼 , 2023년 2월,0.0,가정/생활
못 참는 아이 욱하는 부모,오은영 (지은이) , 코리아닷컴(Korea.com) , 2017년 6월,5.0,가정/생활
4~7세보다 중요한 시기는 없습니다,이임숙 (지은이) , 카시오페아 , 2021년 8월,5.0,가정/생활
프랑스 아이처럼,"파멜라 드러커맨 (지은이), 이주혜 (옮긴이) ", 북하이브(타임북스) , 2013년 5월,4.5,가정/생활
스카이 버스,분당강쌤 (지은이) , 다산에듀 , 2023년 1월,5.0,가정/생활
불안한 엄마 무관심한 아빠,오은영 (지은이) , 김영사 , 2021년 4월,5.0,가정/생활
칼 비테의 자녀교육 불변의 법칙,"칼 비테 (지은이), 베스트트랜스 (옮긴이) ", MIREDU(미르에듀) , 2011년 9월,4.5,가정/생활
임포스터,리사 손 (지은이) , 21세기북스 , 2022년 1월,5.0,가정/생활
메타인지 학습법,리사 손 (지은이) , 21세기북스 , 2019년 7월,4.5,가정/생활
영유아 몬테소리 육아대백과,"시모네 데이비스 (지은이), 조은경 (옮긴이), 히요코 이마이 (일러스트) ", 키출판사 , 2019년 12월,5.0,가정/생활
우리 아이 괜찮아요 1 : 마음편,서천석 (지은이) , 예담Friend , 2014년 11월,5.0,가정/생활
작은 변화에도 걱정이 많아지는 예비 엄마들에게,전종관 (지은이) , 시공사 , 2021년 12월,5.0,가정/생활
베이비 몬테소리 육아대백과,"시모네 데이비스, 주니파 우조다이크 (지은이), 조은경 (옮긴이) ", 키출판사 , 2021년 7월,5.0,가정/생활
신의진의 아이심리백과 : 3~4세 편 (30만 부 기념 최신 증보판),신의진 (지은이) , 메이븐 , 2020년 6월,5.0,가정/생활
신의진의 아이심리백과 (30만 부 기념 최신 증보판),신의진 (지은이) , 메이븐 , 2021년 11월,5.0,가정/생활
나는 예민한 엄마입니다,송희재 (지은이) , 북드림 , 2022년 2월,5.0,가정/생활
서두르지 않고 성장 발달에 맞추는 ABA 육아법 (기초편),"한상민 (지은이), 조성헌 (그림) ", 마음책방 , 2021년 2월,5.0,가정/생활
아이 마음을 다 안다는 착각,천근아 (지은이) , 위즈덤하우스 , 2022년 11월,5.0,가정/생활
난독의 시대,"박세당, 박세호 (지은이) ", 다산스마트에듀 , 2022년 12월,4.5,가정/생활
예민한 아이 잘 키우는 법,최치현 (지은이) , 유노라이프 , 2021년 10월,4.5,가정/생활
영혼이 강한 아이로 키워라,조선미 (지은이) , 쌤앤파커스 , 2017년 6월,5.0,가정/생활
푸름아빠 거울육아,최희수 (지은이) , 한국경제신문 , 2020년 6월,4.5,가정/생활
현서네 유튜브 영어 학습법,배성기 (지은이) , 넥서스 , 2020년 12월,4.5,가정/생활
나의 다정하고 무례한 엄마,이남옥 (지은이) , 라이프앤페이지 , 2020년 8월,5.0,가정/생활
"세 살, 이제 막 시작하는 육아",서천석 (지은이) , 김영사 , 2022년 4월,5.0,가정/생활
"아, 육아란 원래 이런 거구나!","마이클렌 다우클레프 (지은이), 이정민 (옮긴이) ", 시프 , 2022년 4월,5.0,가정/생활
신의진의 아이심리백과 : 5~6세 편 (30만 부 기념 최신 증보판),신의진 (지은이) , 메이븐 , 2020년 6월,5.0,가정/생활
초3보다 중요한 학년은 없습니다,해피이선생 (지은이) , 사람in , 2020년 11월,5.0,가정/생활
사랑받은 아이는 흔들리지 않는다,"웬디 토마스 러셀, 린다 해트필드, 타이 해트필드 (지은이) ", 빌리버튼 , 2022년 5월,5.0,가정/생활
우리 아이 괜찮아요 2 : 성장편,서천석 (지은이) , 예담Friend , 2015년 1월,0.0,가정/생활
"하루 10분, 엄마놀이",이임숙 (지은이) , 카시오페아 , 2016년 4월,4.5,가정/생활
아이를 위한 하루 한 줄 인문학,김종원 (지은이) , 청림Life , 2018년 12월,4.5,가정/생활
최강의 데이터 육아,"에밀리 오스터 (지은이), 노혜숙 (옮긴이) ", 부키 , 2022년 1월,5.0,가정/생활
엄마 심리 수업 2 : 실전편,윤우상 (지은이) , 심플라이프 , 2021년 5월,5.0,가정/생활
하루 5분 엄마 목소리,"정홍 (지은이), 김승연 (그림) ", 예담Friend , 2014년 7월,5.0,가정/생활
5차원 전면교육,원동연 (지은이) , 김영사 , 2017년 7월,5.0,가정/생활
나는 이렇게 세 딸을 하버드에 보냈다,심활경 (지은이) , 쌤앤파커스 , 2022년 9월,5.0,가정/생활
그 아이만의 단 한 사람,권영애 (지은이) , 아름다운사람들 , 2016년 9월,5.0,가정/생활
오늘 학교 어땠어?,초등샘Z (지은이) , 책나물 , 2022년 10월,5.0,가정/생활
국제 바칼로레아 IB가 답이다,"강유경, 김나윤 (지은이) ", 라온북 , 2020년 7월,4.5,가정/생활
하루 3줄 초등 글쓰기의 기적,윤희솔 (지은이) , 청림Life , 2020년 2월,4.5,가정/생활
기적의 아낫 바니엘 치유법,"아낫 바니엘 (지은이), 김윤희 (옮긴이) ", 센시오 , 2022년 6월,5.0,가정/생활
0~6세 똑소리나는 놀이백과,이민주 (지은이) , 시대인 , 2022년 6월,5.0,가정/생활
조금 느린 아이를 위한 발달놀이 육아법,"오카다 다카시, 시노하라 아야, 하야시 카나 (지은이), 황미숙 (옮긴이), 한경근 (감수) ", 예문아카이브 , 2015년 5월,0.0,가정/생활
개로 길러진 아이,"브루스 D. 페리, 마이아 샬라비츠 (지은이), 황정하 (옮긴이) ", 민음인 , 2019년 2월,5.0,가정/생활
영리한 아이가 위험하다,"마크 S. 뢰벤탈 (지은이), 박미경 (옮긴이) ", 웅진지식하우스 , 2012년 8월,4.5,가정/생활
초등 공부 습관 바이블,하유정 (지은이) , 한빛라이프 , 2022년 6월,5.0,가정/생활
0~7세 발달심리에 따른 책육아 실전 수업,장선영 (지은이) , 라이온북스 , 2022년 12월,5.0,가정/생활
적기교육,이기숙 (지은이) , 글담출판 , 2015년 9월,5.0,가정/생활
좋은 잠 처방전,"샤론 무어 (지은이), 함현주 (옮긴이) ", 유월사일 , 2020년 4월,5.0,가정/생활
엄마의 첫 공부,홍순범 (지은이) , 카시오페아 , 2022년 8월,5.0,가정/생활
"아기와 함께 10개월 잘 먹기, 태교음식","이지연 (지은이), 신종철, 남기선 (감수) ", 레시피팩토리 , 2021년 3월,5.0,가정/생활
우리 아이 잘 자라고 있나요?,허그맘 아동심리상담센터 (지은이) , 예담Friend , 2018년 11월,5.0,가정/생활
엄마 나는 똑똑해지고 있어요,천근아 (지은이) , 예담Friend , 2016년 9월,4.5,가정/생활
어휘력 10배 올리는 하루 10분 대화놀이,김지호 (지은이) , 길벗 , 2021년 9월,5.0,가정/생활
"왕이 된 자녀, 싸가지 코칭",이병준 (지은이) , 피톤치드 , 2021년 1월,5.0,가정/생활
한글로 5개국어 물려준 엄마이야기,"장춘화 (지은이), 김종성 (그림) ", 한GLO(한글로) , 2022년 10월,5.0,가정/생활
모든 아이는 특별하다,박혜란 (지은이) , 나무를심는사람들 , 2019년 5월,4.5,가정/생활
요즘 유대인의 단단 육아,"에이나트 나단 (지은이), 이경아 (옮긴이) ", 윌북 , 2021년 12월,5.0,가정/생활
감정조절 안 되는 아이와 이렇게 대화하기 시작했습니다,"노라 임라우 (지은이), 장혜경 (옮긴이) ", 김영사 , 2019년 12월,4.5,가정/생활
상처 주는 것도 습관이다,이임숙 (지은이) , 카시오페아 , 2014년 5월,5.0,가정/생활
창의력을 채우는 놀이 수학 : 도형편,장지은 (지은이) , 넥서스 , 2021년 12월,5.0,가정/생활
믿음 주는 부모 자존감 높은 아이,현승원 (지은이) , 시크릿하우스 , 2019년 8월,5.0,가정/생활
공부는 감정이다,노규식 (지은이) , 더부크 , 2016년 5월,4.5,가정/생활
마케팅 설계자,"러셀 브런슨 (지은이), 이경식 (옮긴이) ", 윌북 , 2022년 12월,5.0,컴퓨터/인터넷
진짜 쓰는 실무 엑셀,오빠두(전진권) (지은이) , 제이펍 , 2022년 9월,5.0,컴퓨터/인터넷
AI 2041,"리카이푸, 천치우판 (지은이), 이현 (옮긴이) ", 한빛비즈 , 2023년 1월,5.0,컴퓨터/인터넷
모던 자바스크립트 Deep Dive,이웅모 (지은이) , 위키북스 , 2021년 1월,5.0,컴퓨터/인터넷
면접을 위한 CS 전공지식 노트,주홍철 (지은이) , 길벗 , 2022년 5월,4.5,컴퓨터/인터넷
혼자 공부하는 컴퓨터 구조 + 운영체제,강민철 (지은이) , 한빛미디어 , 2022년 8월,5.0,컴퓨터/인터넷
IT 5분 잡학사전,"니꼴라스, 배지현 (지은이) ", 이지스퍼블리싱 (주) , 2022년 10월,5.0,컴퓨터/인터넷
비전공자를 위한 이해할 수 있는 IT 지식,최원영 (지은이) , T.W.I.G(티더블유아이지)(주) , 2021년 4월,4.0,컴퓨터/인터넷
가상 면접 사례로 배우는 대규모 시스템 설계 기초,"알렉스 쉬 (지은이), 이병준 (옮긴이) ", 인사이트 , 2021년 8월,4.0,컴퓨터/인터넷
챗GPT,반병현 (지은이) , 생능북스 , 2023년 2월,4.5,컴퓨터/인터넷
클린 아키텍처,"로버트 C. 마틴 (지은이), 송준이 (옮긴이) ", 인사이트 , 2020년 7월,4.5,컴퓨터/인터넷
혼자 공부하는 얄팍한 코딩 지식,고현민 (지은이) , 한빛미디어 , 2022년 5월,5.0,컴퓨터/인터넷
클린 코드 Clean Code,"로버트 C. 마틴 (지은이), 이해영, 박재호 (옮긴이) ", 인사이트 , 2020년 8월,5.0,컴퓨터/인터넷
혼자 공부하는 머신러닝 + 딥러닝,박해선 (지은이) , 한빛미디어 , 2020년 12월,5.0,컴퓨터/인터넷
구글 엔지니어는 이렇게 일한다,"타이터스 윈터스, 톰 맨쉬렉, 하이럼 라이트 (지은이) ", 한빛미디어 , 2022년 5월,5.0,컴퓨터/인터넷
한 권으로 읽는 컴퓨터 구조와 프로그래밍,"조너선 스타인하트 (지은이), 오현석 (옮긴이) ", 책만 , 2021년 6월,4.0,컴퓨터/인터넷
혼자 해도 프로 작가처럼 잘 그리는 아이패드 드로잉 with 프로크리에이트,빨간고래(박정아) (지은이) , 한빛미디어 , 2022년 6월,5.0,컴퓨터/인터넷
Real MySQL 8.0 1,"이성욱, 백은빈 (지은이) ", 위키북스 , 2021년 12월,4.0,컴퓨터/인터넷
코어 자바스크립트,정재남 (지은이) , 위키북스 , 2020년 2월,4.5,컴퓨터/인터넷
이지패스 2023 ADsP 데이터분석 준전문가 (수험서 앱 제공),"전용문, 박현민 (지은이) ", 위키북스 , 2023년 1월,5.0,컴퓨터/인터넷
Do it! 리액트 모던 웹 개발 with 타입스크립트,전예홍 (지은이) , 이지스퍼블리싱 (주) , 2023년 1월,5.0,컴퓨터/인터넷
2023 유선배 SQL개발자(SQLD) 과외노트,정미나 (지은이) , 시대고시기획 , 2023년 1월,0.0,컴퓨터/인터넷
일 잘하는 디자이너,"시부야 료이치(파치파치 디자인) (지은이), 안동현 (옮긴이) ", 이지스퍼블리싱 , 2023년 2월,5.0,컴퓨터/인터넷
Do it! 깡샘의 플러터 & 다트 프로그래밍,강성윤 (지은이) , 이지스퍼블리싱 (주) , 2023년 2월,0.0,컴퓨터/인터넷
이펙티브 자바,"조슈아 블로크 (지은이), 개앞맵시 (옮긴이) ", 인사이트 , 2020년 7월,5.0,컴퓨터/인터넷
혼자 공부하는 파이썬,윤인성 (지은이) , 한빛미디어 , 2022년 5월,5.0,컴퓨터/인터넷
비전공자도 이해할 수 있는 AI 지식,"박상길 (지은이), 정진호 (그림) ", 반니 , 2022년 8월,5.0,컴퓨터/인터넷
Do it! 조코딩의 프로그래밍 입문,"김형태, 조동근(조코딩) (지은이) ", 이지스퍼블리싱 (주) , 2022년 7월,5.0,컴퓨터/인터넷
소프트웨어 아키텍처 101,"마크 리처즈, 닐 포드 (지은이), 이일웅 (옮긴이) ", 한빛미디어 , 2021년 11월,5.0,컴퓨터/인터넷
혼자 공부하는 데이터 분석 with 파이썬,박해선 (지은이) , 한빛미디어 , 2023년 1월,5.0,컴퓨터/인터넷
러닝 타입스크립트,"조시 골드버그 (지은이), 고승원 (옮긴이) ", 한빛미디어 , 2023년 1월,0.0,컴퓨터/인터넷
Do it! 깡샘의 안드로이드 앱 프로그래밍 with 코틀린 (개정 2판),강성윤 (지은이) , 이지스퍼블리싱 , 2022년 12월,4.5,컴퓨터/인터넷
이것이 취업을 위한 코딩 테스트다 with 파이썬,나동빈 (지은이) , 한빛미디어 , 2020년 9월,5.0,컴퓨터/인터넷
파이썬 알고리즘 인터뷰,"박상길 (지은이), 정진호 (그림) ", 책만 , 2020년 10월,5.0,컴퓨터/인터넷
헤드 퍼스트 디자인 패턴,"케이시 시에라, 버트 베이츠, 엘리자베스 롭슨 (지은이) ", 한빛미디어 , 2022년 4월,5.0,컴퓨터/인터넷
혼자 공부하는 C 언어,서현우 (지은이) , 한빛미디어 , 2021년 7월,5.0,컴퓨터/인터넷
인스파이어드,"마티 케이건 (지은이), 황진수 (옮긴이) ", 제이펍 , 2020년 1월,4.0,컴퓨터/인터넷
혼자 공부하는 자바,신용권 (지은이) , 한빛미디어 , 2021년 7월,4.5,컴퓨터/인터넷
Real MySQL 8.0 2,"이성욱, 백은빈 (지은이) ", 위키북스 , 2021년 12월,4.0,컴퓨터/인터넷
업무와 일상을 정리하는 새로운 방법 노션 Notion,"전시진, 이해봄 (지은이) ", 제이펍 , 2022년 12월,5.0,컴퓨터/인터넷
네이버 블로그로 돈 벌기,김동석 (지은이) , 한빛미디어 , 2021년 10월,4.5,컴퓨터/인터넷
도커 교과서,"엘튼 스톤맨 (지은이), 심효섭 (옮긴이) ", 길벗 , 2022년 8월,5.0,컴퓨터/인터넷
"좋은 코드, 나쁜 코드","톰 롱 (지은이), 차건회 (옮긴이) ", 제이펍 , 2022년 9월,5.0,컴퓨터/인터넷
코딩자율 학습 나도코딩의 C언어 입문,나도코딩 (지은이) , 길벗 , 2022년 10월,5.0,컴퓨터/인터넷
비전공이지만 개발자로 먹고삽니다,"반병현, 이효석 (지은이) ", 생능북스 , 2023년 1월,5.0,컴퓨터/인터넷
실시간 데이터 파이프라인 아키텍처,"앤드류 살티스 (지은이), 최원영 (옮긴이) ", 비제이퍼블릭 , 2023년 1월,0.0,컴퓨터/인터넷
시작하세요! C# 10 프로그래밍,정성태 (지은이) , 위키북스 , 2023년 2월,0.0,컴퓨터/인터넷
퍼포먼스 마케팅 첫걸음 : 취업부터 실무까지,이다혜 (지은이) , 비제이퍼블릭 , 2023년 2월,0.0,컴퓨터/인터넷
1일 1로그 100일 완성 IT 지식,"브라이언 W. 커니핸 (지은이), 하성창 (옮긴이) ", 인사이트 , 2022년 1월,5.0,컴퓨터/인터넷
함께 자라기,김창준 (지은이) , 인사이트 , 2020년 7월,5.0,컴퓨터/인터넷
밑바닥부터 시작하는 딥러닝 1,"사이토 고키 (지은이), 개앞맵시 (옮긴이) ", 한빛미디어 , 2017년 1월,4.5,컴퓨터/인터넷
프로그래머의 뇌,"펠리너 헤르만스 (지은이), 차건회 (옮긴이) ", 제이펍 , 2022년 3월,4.5,컴퓨터/인터넷
모두의 네트워크,"미즈구치 카츠야 (지은이), 이승룡 (옮긴이) ", 길벗 , 2018년 7월,4.0,컴퓨터/인터넷
빅데이터 커리어 가이드북,"조성준, 김현용, 박서영 (지은이) ", 길벗 , 2021년 11월,5.0,컴퓨터/인터넷
이것이 자바다,신용권 (지은이) , 한빛미디어 , 2022년 9월,4.5,컴퓨터/인터넷
도메인 주도 개발 시작하기,최범균 (지은이) , 한빛미디어 , 2022년 4월,5.0,컴퓨터/인터넷
실용주의 프로그래머 20주년 기념판,"데이비드 토머스, 앤드류 헌트 (지은이), 김창준 (감수) ", 인사이트 , 2022년 3월,4.5,컴퓨터/인터넷
"눈치껏 못 배웁니다, 일센스",공여사들 (지은이) , 21세기북스 , 2021년 5월,5.0,컴퓨터/인터넷
국내 최다 이모티콘 승인 작가 씨엠제이가 알려주는 승인율 99.9% 이모티콘 만들기,씨엠제이(최민정) (지은이) , 한빛미디어 , 2022년 10월,5.0,컴퓨터/인터넷
Do it! Vue.js 입문,장기효 (지은이) , 이지스퍼블리싱 , 2018년 2월,4.5,컴퓨터/인터넷
스프링 부트 핵심 가이드,장정우 (지은이) , 위키북스 , 2022년 8월,5.0,컴퓨터/인터넷
Must Have 코드팩토리의 플러터 프로그래밍,최지호 (지은이) , 골든래빗(주) , 2023년 1월,0.0,컴퓨터/인터넷
Do it! BERT와 GPT로 배우는 자연어 처리 : 트랜스포머 핵심 원리와 허깅페이스 패키지 활용법,이기창 (지은이) , 이지스퍼블리싱 (주) , 2021년 12월,5.0,컴퓨터/인터넷
이펙티브 코틀린,"마르친 모스칼라 (지은이), 윤인성 (옮긴이) ", 인사이트 , 2022년 2월,4.0,컴퓨터/인터넷
도메인 주도 설계로 시작하는 마이크로서비스 개발,"한정헌, 유해식, 최은정 (지은이) ", 위키북스 , 2021년 12월,5.0,컴퓨터/인터넷
Do it! 알고리즘 코딩 테스트 - 파이썬 편,김종관 (지은이) , 이지스퍼블리싱 (주) , 2022년 8월,5.0,컴퓨터/인터넷
실습과 그림으로 배우는 리눅스 구조,"다케우치 사토루 (지은이), 신준희 (옮긴이) ", 한빛미디어 , 2019년 2월,4.5,컴퓨터/인터넷
소프트웨어 장인,"산드로 만쿠소 (지은이), 권오인 (옮긴이) ", 길벗 , 2015년 10월,4.5,컴퓨터/인터넷
수학 리부트,강중빈 (지은이) , 인사이트 , 2020년 7월,5.0,컴퓨터/인터넷
혼자 공부하는 첫 프로그래밍 with 파이썬,문현일 (지은이) , 한빛미디어 , 2020년 9월,4.5,컴퓨터/인터넷
아이패드로 캐릭터 디자인 with 프로크리에이트,"3dtotal Publishing (지은이), 김혜연 (옮긴이) ", 이지스퍼블리싱 (주) , 2022년 4월,5.0,컴퓨터/인터넷
Do it! 모던 자바스크립트 프로그래밍의 정석,고경희 (지은이) , 이지스퍼블리싱 (주) , 2022년 12월,5.0,컴퓨터/인터넷
회사 실무에 힘을 주는 한글 2022,김로사 (지은이) , 정보문화사 , 2022년 11월,5.0,컴퓨터/인터넷
성공하는 유튜브 채널은 따로 있다,강차분PD (지은이) , 한빛미디어 , 2023년 1월,5.0,컴퓨터/인터넷
마이크로서비스 아키텍처 구축 가이드,김용욱 (지은이) , 한빛미디어 , 2023년 2월,0.0,컴퓨터/인터넷
실전에서 바로 쓰는 Next.js,"미셸 리바 (지은이), 박수현 (옮긴이) ", 한빛미디어 , 2023년 2월,0.0,컴퓨터/인터넷
스프링 부트와 AWS로 혼자 구현하는 웹 서비스,이동욱(향로) (지은이) , 프리렉 , 2020년 11월,4.5,컴퓨터/인터넷
리팩터링 2판 (리팩토링 개정판),"마틴 파울러 (지은이), 남기혁, 개앞맵시 (옮긴이) ", 한빛미디어 , 2020년 5월,5.0,컴퓨터/인터넷
Do it! 점프 투 파이썬 -전면 개정판,박응용 (지은이) , 이지스퍼블리싱 , 2019년 6월,4.5,컴퓨터/인터넷
객체지향의 사실과 오해,조영호 (지은이) , 위키북스 , 2021년 7월,4.5,컴퓨터/인터넷
모던 자바 인 액션,"라울-게이브리얼 우르마, 마리오 푸스코, 앨런 마이크로프트 (지은이), 우정은 (옮긴이) ", 한빛미디어 , 2019년 9월,5.0,컴퓨터/인터넷
Do it! 자바 프로그래밍 입문,박은종 (지은이) , 이지스퍼블리싱 , 2018년 8월,4.5,컴퓨터/인터넷
혼자 공부하는 SQL,우재남 (지은이) , 한빛미디어 , 2021년 11월,5.0,컴퓨터/인터넷
[세트] 토비의 스프링 3.1 (총2권),이일민 (지은이) , 에이콘출판 , 2012년 9월,4.5,컴퓨터/인터넷
된다! 하루 5분 노션 활용법,이다슬 (지은이) , 이지스퍼블리싱 (주) , 2022년 1월,5.0,컴퓨터/인터넷
Do it! 쉽게 배우는 R 데이터 분석,김영우 (지은이) , 이지스퍼블리싱 (주) , 2017년 7월,5.0,컴퓨터/인터넷
그림으로 이해하는 AWS 구조와 기술,"오가사와라 시게타카 (지은이), 성창규 (옮긴이) ", 길벗 , 2021년 7월,4.5,컴퓨터/인터넷
CODE 코드,"찰스 펫졸드 (지은이), 김현규 (옮긴이) ", 인사이트 , 2020년 8월,4.5,컴퓨터/인터넷
쏙쏙 들어오는 함수형 코딩,"에릭 노먼드 (지은이), 김은민 (옮긴이) ", 제이펍 , 2022년 6월,4.5,컴퓨터/인터넷
Do it! 플러터 앱 프로그래밍(개정판) : 오픈 API 활용 + 파이어베이스 + 구글 맵 + 광고 수익까지,조준수 (지은이) , 이지스퍼블리싱 (주) , 2021년 9월,5.0,컴퓨터/인터넷
오토캐드 40시간 완성,신동진 (지은이) , 피앤피북 , 2021년 4월,5.0,컴퓨터/인터넷
"한 달 만에 블로그 일 방문자 수 1,000명 만들기",권호영 (지은이) , 푸른향기 , 2021년 6월,5.0,컴퓨터/인터넷
HTTP 완벽 가이드,"데이빗 고울리, 브라이언 토티, 마조리 세이어 (지은이) ", 인사이트 , 2022년 5월,4.0,컴퓨터/인터넷
UX/UI의 10가지 심리학 법칙,"존 야블론스키 (지은이), 이미령 (옮긴이) ", 책만 , 2020년 11월,4.5,컴퓨터/인터넷
혼자 공부하는 자바스크립트,윤인성 (지은이) , 한빛미디어 , 2020년 12월,4.5,컴퓨터/인터넷
Do it! 자료구조와 함께 배우는 알고리즘 입문 - 자바 편 : 전면개정판,"시바타 보요 (지은이), 강민 (옮긴이) ", 이지스퍼블리싱 (주) , 2022년 5월,5.0,컴퓨터/인터넷
2022 기사패스 정보처리기사 필기 기출문제 상세풀이 800제,NCS 정보기술 연구회 (지은이) , 한국정보화기술 , 2021년 12월,4.5,컴퓨터/인터넷
커리어 스킬,"존 손메즈 (지은이), 이미령 (옮긴이) ", 길벗 , 2019년 5월,5.0,컴퓨터/인터넷
프론트엔드 성능 최적화 가이드,유동균 (지은이) , 인사이트 , 2022년 11월,5.0,컴퓨터/인터넷
이득우의 게임 수학,이득우 (지은이) , 책만 , 2022년 4월,5.0,컴퓨터/인터넷
