순위,제목,알라딘_저자,알라딘_출판사,알라딘_출간일,알라딘_별점,알라딘_장르,상명장르,알라딘_가격
"

1.  
",세상에서 가장 쉬운 본질육아,지나영 (지은이) ,, 21세기북스 ,5.0,좋은 부모,가정/생활,15040
"

2.  
",초등입학 엄마의 비밀노트,지서영 (지은이) ,, 이페이지 ,5.0,좋은 부모,가정/생활,1000
"

3.  
",내 아이를 위한 감정코칭,"조벽, 최성애, 존 가트맨 (지은이) ",, 해냄출판사 ,4.5,좋은 부모,가정/생활,10800
"

4.  
",어떻게 말해줘야 할까,"오은영 (지은이), 차상미 (그림) ",, 김영사 ,5.0,좋은 부모,가정/생활,11070
"

5.  
",아들의 뇌,곽윤정 (지은이) ,, 포레스트북스 ,5.0,좋은 부모,가정/생활,10500
"

6.  
",0~5세 말걸기 육아의 힘,김수연 (지은이) ,, 위즈덤하우스 ,5.0,좋은 부모,가정/생활,12250
"

7.  
",자발적 방관육아,최은아 (지은이) ,, 쌤앤파커스 ,5.0,좋은 부모,가정/생활,12000
"

8.  
","어머니, 사교육을 줄이셔야 합니다",정승익 (지은이) ,, 메이트북스 ,5.0,좋은 부모,가정/생활,10200
"

9.  
",똑게육아,로리(김준희) (지은이) ,, 북로스트 ,5.0,좋은 부모,가정/생활,14940
"

10.  
",공부머리 독서법 : 실현 가능하고 지속 가능한 독서교육의 모든 것,최승필 (지은이) ,, 책구루 ,4.5,좋은 부모,가정/생활,12000
"

11.  
",돌봄과 작업,"홍한별, 정서경, 서유미 (지은이) ",, 돌고래 ,4.5,좋은 부모,가정/생활,12000
"

12.  
",못 참는 아이 욱하는 부모,오은영 (지은이) ,, 코리아닷컴(Korea.com) ,5.0,좋은 부모,가정/생활,11800
"

13.  
",기분대로 아이를 키우지 않겠습니다,곽윤정 (지은이) ,, 포레스트북스 ,5.0,좋은 부모,가정/생활,10500
"

14.  
",엄마의 말 연습,윤지영 (지은이) ,, 카시오페아 ,5.0,좋은 부모,가정/생활,12250
"

15.  
",우리 아이 기질 맞춤 양육 매뉴얼,정가은 (지은이) ,, 서사원 ,5.0,좋은 부모,가정/생활,16000
"

16.  
",0~5세 뇌가 쑥쑥 자라는 놀이 육아,이보연 (지은이) ,, 위즈덤하우스 ,5.0,좋은 부모,가정/생활,11200
"

17.  
",똑똑한 아이낳는 탈무드 태교 동화,글공작소 (엮은이) ,, 아름다운사람들 ,4.5,좋은 부모,가정/생활,6000
"

18.  
",부모 인문학 수업,김종원 (지은이) ,, 청림Life ,5.0,좋은 부모,가정/생활,11200
"

19.  
",수학 잘하는 아이를 만드는 초등수학 심화 공부법,류승재 (지은이) ,, 블루무스 ,5.0,좋은 부모,가정/생활,13860
"

20.  
",신의진의 아이심리백과 : 0~2세 편 (30만 부 기념 최신 증보판),신의진 (지은이) ,, 메이븐 ,5.0,좋은 부모,가정/생활,10000
"

21.  
",영유아 몬테소리 육아대백과,"시모네 데이비스 (지은이), 조은경 (옮긴이), 히요코 이마이 (일러스트) ",, 키출판사 ,5.0,좋은 부모,가정/생활,11200
"

22.  
",수학 잘하는 아이는 이렇게 공부합니다,류승재 (지은이) ,, 블루무스 ,4.5,좋은 부모,가정/생활,11760
"

23.  
",난독의 시대,"박세당, 박세호 (지은이) ",, 다산스마트에듀 ,4.5,좋은 부모,가정/생활,12600
"

24.  
",10대 놀라운 뇌 불안한 뇌 아픈 뇌,김붕년 (지은이) ,, (주)대성 ,5.0,좋은 부모,가정/생활,9400
"

25.  
",최강의 육아,"트레이시 커크로 (지은이), 정세영 (옮긴이) ",, 앵글북스 ,5.0,좋은 부모,가정/생활,11300
"

26.  
",양육가설 : 부모가 자녀의 성장에 미치는 영향에 대한 탐구,"주디스 리치 해리스 (지은이), 최수근 (옮긴이), 황상민 (감수) ",, 이김 ,4.5,좋은 부모,가정/생활,17500
"

27.  
",하루 5분 언어 자극 놀이 120,"장재진 (지은이), 임소희 (그림) ",, 카시오페아 ,5.0,좋은 부모,가정/생활,14000
"

28.  
",공부는 감정이다,노규식 (지은이) ,, 더부크 ,4.5,좋은 부모,가정/생활,9660
"

29.  
",적당히 육아법,황미숙 (옮긴이) ,, 웅진리빙하우스 ,5.0,좋은 부모,가정/생활,11200
"

30.  
",천재가 될 수밖에 없었던 아이들의 드라마,"앨리스 밀러 (지은이), 노선정 (옮긴이) ",, 양철북 ,4.5,좋은 부모,가정/생활,9800
"

31.  
",관계가 힘든 아이 잘 키우는 법,민경미 (지은이) ,, 빌리버튼 ,0.0,좋은 부모,가정/생활,11200
"

32.  
",내 아이의 강점지능,"곽윤정, 강민수, 이지혜, 엄채윤 (지은이) ",, 21세기북스 ,5.0,좋은 부모,가정/생활,12800
"

33.  
",4~7세보다 중요한 시기는 없습니다,이임숙 (지은이) ,, 카시오페아 ,5.0,좋은 부모,가정/생활,11200
"

34.  
",잘 자고 잘 먹는 아기의 시간표,정재호 (지은이) ,, 한빛라이프 ,5.0,좋은 부모,가정/생활,9900
"

35.  
",프랑스 아이처럼,"파멜라 드러커맨 (지은이), 이주혜 (옮긴이) ",, 북하이브(타임북스) ,4.5,좋은 부모,가정/생활,10000
"

36.  
",스카이 버스,분당강쌤 (지은이) ,, 다산에듀 ,5.0,좋은 부모,가정/생활,12600
"

37.  
",케이크를 자르지 못하는 아이들,"미야구치 코지 (지은이), 부윤아 (옮긴이), 박찬선 (감수) ",, 인플루엔셜(주) ,4.5,좋은 부모,가정/생활,11000
"

38.  
",칼 비테의 자녀교육 불변의 법칙,"칼 비테 (지은이), 베스트트랜스 (옮긴이) ",, MIREDU(미르에듀) ,4.5,좋은 부모,가정/생활,490
"

39.  
",불안한 엄마 무관심한 아빠,오은영 (지은이) ,, 김영사 ,5.0,좋은 부모,가정/생활,11070
"

40.  
",임포스터,리사 손 (지은이) ,, 21세기북스 ,5.0,좋은 부모,가정/생활,14400
"

41.  
",우리 아이 괜찮아요 1 : 마음편,서천석 (지은이) ,, 예담Friend ,5.0,좋은 부모,가정/생활,6930
"

42.  
",메타인지 학습법,리사 손 (지은이) ,, 21세기북스 ,4.5,좋은 부모,가정/생활,14400
"

43.  
",나는 내가 좋은 엄마인 줄 알았습니다,"앤절린 밀러 (지은이), 이미애 (옮긴이) ",, 윌북 ,5.0,좋은 부모,가정/생활,9900
"

44.  
",문해력 수업,전병규 (지은이) ,, 알에이치코리아(RHK) ,4.5,좋은 부모,가정/생활,11200
"

45.  
",작은 변화에도 걱정이 많아지는 예비 엄마들에게,전종관 (지은이) ,, 시공사 ,5.0,좋은 부모,가정/생활,12600
"

46.  
",ADHD 우리 아이 어떻게 키워야 할까,신윤미 (지은이) ,, 웅진지식하우스 ,5.0,좋은 부모,가정/생활,12600
"

47.  
",믿는 만큼 자라는 아이들,박혜란 (지은이) ,, 나무를심는사람들 ,5.0,좋은 부모,가정/생활,9660
"

48.  
",신의진의 아이심리백과 (30만 부 기념 최신 증보판),신의진 (지은이) ,, 메이븐 ,5.0,좋은 부모,가정/생활,18000
"

49.  
",베이비 몬테소리 육아대백과,"시모네 데이비스, 주니파 우조다이크 (지은이), 조은경 (옮긴이) ",, 키출판사 ,5.0,좋은 부모,가정/생활,11900
"

50.  
",나는 예민한 엄마입니다,송희재 (지은이) ,, 북드림 ,5.0,좋은 부모,가정/생활,11000
"

51.  
",완전학습 바이블,임작가 (지은이) ,, 다산에듀 ,4.5,좋은 부모,가정/생활,11900
"

52.  
",감각 통합 놀이,"석경아, 변미선, 강은선 (지은이) ",, 소울하우스 ,5.0,좋은 부모,가정/생활,10500
"

53.  
",아이 마음을 다 안다는 착각,천근아 (지은이) ,, 위즈덤하우스 ,5.0,좋은 부모,가정/생활,11900
"

54.  
",틀 밖에서 놀게 하라,김경희 (지은이) ,, 쌤앤파커스 ,4.5,좋은 부모,가정/생활,12460
"

55.  
",영혼이 강한 아이로 키워라,조선미 (지은이) ,, 쌤앤파커스 ,5.0,좋은 부모,가정/생활,9800
"

56.  
",서두르지 않고 성장 발달에 맞추는 ABA 육아법 (기초편),"한상민 (지은이), 조성헌 (그림) ",, 마음책방 ,5.0,좋은 부모,가정/생활,11850
"

57.  
",아이 마음에 상처 주지 않는 습관,이다랑(그로잉맘) (지은이) ,, 길벗 ,4.5,좋은 부모,가정/생활,10500
"

58.  
",다시 아이를 키운다면 (개정판),박혜란 (지은이) ,, 나무를심는사람들 ,4.5,좋은 부모,가정/생활,9660
"

59.  
",예민한 아이 잘 키우는 법,최치현 (지은이) ,, 유노라이프 ,4.5,좋은 부모,가정/생활,12000
"

60.  
",아이의 진짜 마음도 모르고 혼내고 말았다,"모나 델라후크 (지은이), 서은경 (옮긴이) ",, 웅진지식하우스 ,4.5,좋은 부모,가정/생활,12600
"

61.  
",나의 다정하고 무례한 엄마,이남옥 (지은이) ,, 라이프앤페이지 ,5.0,좋은 부모,가정/생활,10500
"

62.  
",세상에서 제일 좋은 아이중심 몬테소리,씬디티쳐 박명진 (지은이) ,, 슬로래빗 ,5.0,좋은 부모,가정/생활,12150
"

63.  
",집에서 하는 몬테소리 놀이 150,"실비 데스클레브, 노에미 데스클레브 (지은이), 안광순 (옮긴이) ",, 유아이북스 ,4.5,좋은 부모,가정/생활,10500
"

64.  
",초3보다 중요한 학년은 없습니다,해피이선생 (지은이) ,, 사람in ,5.0,좋은 부모,가정/생활,10500
"

65.  
",우리 아이 괜찮아요 2 : 성장편,서천석 (지은이) ,, 예담Friend ,0.0,좋은 부모,가정/생활,6930
"

66.  
",신의진의 아이심리백과 : 5~6세 편 (30만 부 기념 최신 증보판),신의진 (지은이) ,, 메이븐 ,5.0,좋은 부모,가정/생활,10000
"

67.  
",최강의 데이터 육아,"에밀리 오스터 (지은이), 노혜숙 (옮긴이) ",, 부키 ,5.0,좋은 부모,가정/생활,12500
"

68.  
",아이를 위한 하루 한 줄 인문학,김종원 (지은이) ,, 청림Life ,4.5,좋은 부모,가정/생활,10100
"

69.  
",신의진의 아이심리백과 : 초등저학년 편,걷는나무 ,, 2012년 3월,5.0,좋은 부모,가정/생활,9800
"

70.  
",엄마들만 아는 세계,정우열 (지은이) ,, 서랍의날씨 ,4.0,좋은 부모,가정/생활,10000
"

71.  
",수학원리를 제대로 배운 아이는 쉽게 계산합니다,차지혜 (지은이) ,, 블루무스 ,4.5,좋은 부모,가정/생활,11550
"

72.  
",하루 5분 엄마 목소리,"정홍 (지은이), 김승연 (그림) ",, 예담Friend ,5.0,좋은 부모,가정/생활,11200
"

73.  
",초등 자기조절능력의 힘,신동원 (지은이) ,, 길벗 ,5.0,좋은 부모,가정/생활,10500
"

74.  
",장유경의 아이 놀이 백과 : 0~2세 아동발달심리학자가 전하는 융복합 놀이 103,장유경 (지은이) ,, 북폴리오 ,0.0,좋은 부모,가정/생활,10800
"

75.  
",엄마 심리 수업 2 : 실전편,윤우상 (지은이) ,, 심플라이프 ,5.0,좋은 부모,가정/생활,11500
"

76.  
",나는 이렇게 세 딸을 하버드에 보냈다,심활경 (지은이) ,, 쌤앤파커스 ,5.0,좋은 부모,가정/생활,12250
"

77.  
",아이 마음을 읽는 단어,새벽달(남수진) (지은이) ,, 청림Life ,4.5,좋은 부모,가정/생활,9800
"

78.  
",자녀교육 베스트100,"가토 노리코 (지은이), 윤지나 (옮긴이) ",, 서사원 ,5.0,좋은 부모,가정/생활,13000
"

79.  
",기적의 아낫 바니엘 치유법,"아낫 바니엘 (지은이), 김윤희 (옮긴이) ",, 센시오 ,5.0,좋은 부모,가정/생활,22500
"

80.  
",0~6세 똑소리나는 놀이백과,이민주 (지은이) ,, 시대인 ,5.0,좋은 부모,가정/생활,11200
"

81.  
",오늘 학교 어땠어?,초등샘Z (지은이) ,, 책나물 ,5.0,좋은 부모,가정/생활,11000
"

82.  
",조금 느린 아이를 위한 발달놀이 육아법,"오카다 다카시, 시노하라 아야, 하야시 카나 (지은이), 황미숙 (옮긴이), 한경근 (감수) ",, 예문아카이브 ,0.0,좋은 부모,가정/생활,12640
"

83.  
",미니멀 육아의 행복,"크리스틴 고, 아샤 돈페스트 (지은이), 곽세라 (옮긴이) ",, 북하우스 ,4.5,좋은 부모,가정/생활,11200
"

84.  
",맘스 잉글리시 : 상황별 생활영어,"최혜림, 김우선, 이은별 (지은이), Jay Waters (감수) ",, 넥서스 ,4.5,좋은 부모,가정/생활,1900
"

85.  
",영리한 아이가 위험하다,"마크 S. 뢰벤탈 (지은이), 박미경 (옮긴이) ",, 웅진지식하우스 ,4.5,좋은 부모,가정/생활,9450
"

86.  
",개로 길러진 아이,"브루스 D. 페리, 마이아 샬라비츠 (지은이), 황정하 (옮긴이) ",, 민음인 ,5.0,좋은 부모,가정/생활,11200
"

87.  
",그 아이만의 단 한 사람,권영애 (지은이) ,, 아름다운사람들 ,5.0,좋은 부모,가정/생활,14000
"

88.  
",우리 아이 잘 자라고 있나요?,허그맘 아동심리상담센터 (지은이) ,, 예담Friend ,5.0,좋은 부모,가정/생활,13860
"

89.  
",엄마 나는 똑똑해지고 있어요,천근아 (지은이) ,, 예담Friend ,4.5,좋은 부모,가정/생활,9660
"

90.  
",특별한 아이에서 평범한 아이로,"권현정, 이은창 (지은이) ",, 캥거루북스 ,5.0,좋은 부모,가정/생활,10500
"

91.  
",하루 3줄 초등 글쓰기의 기적,윤희솔 (지은이) ,, 청림Life ,4.5,좋은 부모,가정/생활,10100
"

92.  
",한글로 5개국어 물려준 엄마이야기,"장춘화 (지은이), 김종성 (그림) ",, 한GLO(한글로) ,5.0,좋은 부모,가정/생활,9700
"

93.  
","왕이 된 자녀, 싸가지 코칭",이병준 (지은이) ,, 피톤치드 ,5.0,좋은 부모,가정/생활,10000
"

94.  
",맘스 잉글리시 : 집에서 자주 쓰는 표현,"최혜림, 김우선, 이은별 (지은이), Jay Waters (감수) ",, 넥서스 ,4.5,좋은 부모,가정/생활,1900
"

95.  
",초등 한국사 놀이북,오정남 (지은이) ,, 글담출판 ,5.0,좋은 부모,가정/생활,12600
"

96.  
",엄마의 첫 공부,홍순범 (지은이) ,, 카시오페아 ,5.0,좋은 부모,가정/생활,11760
"

97.  
","아기와 함께 10개월 잘 먹기, 태교음식","이지연 (지은이), 신종철, 남기선 (감수) ",, 레시피팩토리 ,5.0,좋은 부모,가정/생활,12460
"

98.  
",그림책과 유튜브로 시작하는 5.6.7세 엄마표 영어의 비밀,양민정 (지은이) ,, 소울하우스 ,5.0,좋은 부모,가정/생활,11000
"

99.  
",어휘력 10배 올리는 하루 10분 대화놀이,김지호 (지은이) ,, 길벗 ,5.0,좋은 부모,가정/생활,10360
"

100.  
",모든 아이는 특별하다,박혜란 (지은이) ,, 나무를심는사람들 ,4.5,좋은 부모,가정/생활,9660
"

1.  
",챗GPT,반병현 (지은이) , 생능북스 , 2023년 2월,4.5,좋은 부모,컴퓨터/인터넷,11000
"

2.  
",마케팅 설계자,"러셀 브런슨 (지은이), 이경식 (옮긴이) ", 윌북 , 2022년 12월,5.0,좋은 부모,컴퓨터/인터넷,17360
"

3.  
",모던 자바스크립트 Deep Dive,이웅모 (지은이) , 위키북스 , 2021년 1월,5.0,좋은 부모,컴퓨터/인터넷,31500
"

4.  
",진짜 쓰는 실무 엑셀,오빠두(전진권) (지은이) , 제이펍 , 2022년 9월,5.0,좋은 부모,컴퓨터/인터넷,14700
"

5.  
",AI 2041,"리카이푸, 천치우판 (지은이), 이현 (옮긴이) ", 한빛비즈 , 2023년 1월,5.0,좋은 부모,컴퓨터/인터넷,20860
"

6.  
",면접을 위한 CS 전공지식 노트,주홍철 (지은이) , 길벗 , 2022년 5월,4.5,좋은 부모,컴퓨터/인터넷,16800
"

7.  
",IT 5분 잡학사전,"니꼴라스, 배지현 (지은이) ", 이지스퍼블리싱 (주) , 2022년 10월,5.0,좋은 부모,컴퓨터/인터넷,10000
"

8.  
",혼자 공부하는 컴퓨터 구조 + 운영체제,강민철 (지은이) , 한빛미디어 , 2022년 8월,5.0,좋은 부모,컴퓨터/인터넷,20160
"

9.  
",이지패스 2023 ADsP 데이터분석 준전문가 (수험서 앱 제공),"전용문, 박현민 (지은이) ", 위키북스 , 2023년 1월,5.0,좋은 부모,컴퓨터/인터넷,19600
"

10.  
",Do it! 리액트 모던 웹 개발 with 타입스크립트,전예홍 (지은이) , 이지스퍼블리싱 (주) , 2023년 1월,5.0,좋은 부모,컴퓨터/인터넷,28000
"

11.  
",비전공자를 위한 이해할 수 있는 IT 지식,최원영 (지은이) , T.W.I.G(티더블유아이지)(주) , 2021년 4월,4.0,좋은 부모,컴퓨터/인터넷,10800
"

12.  
",러닝 타입스크립트,"조시 골드버그 (지은이), 고승원 (옮긴이) ", 한빛미디어 , 2023년 1월,0.0,좋은 부모,컴퓨터/인터넷,18720
"

13.  
",클린 아키텍처,"로버트 C. 마틴 (지은이), 송준이 (옮긴이) ", 인사이트 , 2020년 7월,4.5,좋은 부모,컴퓨터/인터넷,22000
"

14.  
",혼자 공부하는 데이터 분석 with 파이썬,박해선 (지은이) , 한빛미디어 , 2023년 1월,5.0,좋은 부모,컴퓨터/인터넷,18720
"

15.  
",일 잘하는 디자이너,"시부야 료이치(파치파치 디자인) (지은이), 안동현 (옮긴이) ", 이지스퍼블리싱 , 2023년 2월,5.0,좋은 부모,컴퓨터/인터넷,11000
"

16.  
",클린 코드 Clean Code,"로버트 C. 마틴 (지은이), 이해영, 박재호 (옮긴이) ", 인사이트 , 2020년 8월,5.0,좋은 부모,컴퓨터/인터넷,26400
"

17.  
",이것이 취업을 위한 코딩 테스트다 with 파이썬,나동빈 (지은이) , 한빛미디어 , 2020년 9월,5.0,좋은 부모,컴퓨터/인터넷,24480
"

18.  
",혼자 공부하는 머신러닝 + 딥러닝,박해선 (지은이) , 한빛미디어 , 2020년 12월,5.0,좋은 부모,컴퓨터/인터넷,18720
"

19.  
",구글 엔지니어는 이렇게 일한다,"타이터스 윈터스, 톰 맨쉬렉, 하이럼 라이트 (지은이) ", 한빛미디어 , 2022년 5월,5.0,좋은 부모,컴퓨터/인터넷,32400
"

20.  
",Real MySQL 8.0 1,"이성욱, 백은빈 (지은이) ", 위키북스 , 2021년 12월,4.0,좋은 부모,컴퓨터/인터넷,22000
"

21.  
",혼자 공부하는 얄팍한 코딩 지식,고현민 (지은이) , 한빛미디어 , 2022년 5월,5.0,좋은 부모,컴퓨터/인터넷,12960
"

22.  
",Do it! 깡샘의 안드로이드 앱 프로그래밍 with 코틀린 (개정 2판),강성윤 (지은이) , 이지스퍼블리싱 , 2022년 12월,4.5,좋은 부모,컴퓨터/인터넷,28000
"

23.  
",이펙티브 자바,"조슈아 블로크 (지은이), 개앞맵시 (옮긴이) ", 인사이트 , 2020년 7월,5.0,좋은 부모,컴퓨터/인터넷,28000
"

24.  
",가상 면접 사례로 배우는 대규모 시스템 설계 기초,"알렉스 쉬 (지은이), 이병준 (옮긴이) ", 인사이트 , 2021년 8월,4.0,좋은 부모,컴퓨터/인터넷,19200
"

25.  
",파이썬 알고리즘 인터뷰,"박상길 (지은이), 정진호 (그림) ", 책만 , 2020년 10월,5.0,좋은 부모,컴퓨터/인터넷,30400
"

26.  
",혼자 공부하는 파이썬,윤인성 (지은이) , 한빛미디어 , 2022년 5월,5.0,좋은 부모,컴퓨터/인터넷,15840
"

27.  
",한 권으로 읽는 컴퓨터 구조와 프로그래밍,"조너선 스타인하트 (지은이), 오현석 (옮긴이) ", 책만 , 2021년 6월,4.0,좋은 부모,컴퓨터/인터넷,28000
"

28.  
",혼자 공부하는 SQL,우재남 (지은이) , 한빛미디어 , 2021년 11월,5.0,좋은 부모,컴퓨터/인터넷,17280
"

29.  
",코어 자바스크립트,정재남 (지은이) , 위키북스 , 2020년 2월,4.5,좋은 부모,컴퓨터/인터넷,15400
"

30.  
",Do it! BERT와 GPT로 배우는 자연어 처리 : 트랜스포머 핵심 원리와 허깅페이스 패키지 활용법,이기창 (지은이) , 이지스퍼블리싱 (주) , 2021년 12월,5.0,좋은 부모,컴퓨터/인터넷,14000
"

31.  
",네이버 블로그로 돈 벌기,김동석 (지은이) , 한빛미디어 , 2021년 10월,4.5,좋은 부모,컴퓨터/인터넷,11520
"

32.  
",2023 유선배 SQL개발자(SQLD) 과외노트,정미나 (지은이) , 시대고시기획 , 2023년 1월,0.0,좋은 부모,컴퓨터/인터넷,16100
"

33.  
",혼자 공부하는 C 언어,서현우 (지은이) , 한빛미디어 , 2021년 7월,5.0,좋은 부모,컴퓨터/인터넷,17280
"

34.  
",혼자 해도 프로 작가처럼 잘 그리는 아이패드 드로잉 with 프로크리에이트,빨간고래(박정아) (지은이) , 한빛미디어 , 2022년 6월,5.0,좋은 부모,컴퓨터/인터넷,15840
"

35.  
",Do it! 알고리즘 코딩 테스트 - 자바 편,김종관 (지은이) , 이지스퍼블리싱 (주) , 2022년 4월,4.0,좋은 부모,컴퓨터/인터넷,22000
"

36.  
",이것이 자바다,신용권 (지은이) , 한빛미디어 , 2022년 9월,4.5,좋은 부모,컴퓨터/인터넷,25920
"

37.  
",도메인 주도 개발 시작하기,최범균 (지은이) , 한빛미디어 , 2022년 4월,5.0,좋은 부모,컴퓨터/인터넷,20160
"

38.  
","눈치껏 못 배웁니다, 일센스",공여사들 (지은이) , 21세기북스 , 2021년 5월,5.0,좋은 부모,컴퓨터/인터넷,12800
"

39.  
",Do it! Vue.js 입문,장기효 (지은이) , 이지스퍼블리싱 , 2018년 2월,4.5,좋은 부모,컴퓨터/인터넷,10500
"

40.  
",Real MySQL 8.0 2,"이성욱, 백은빈 (지은이) ", 위키북스 , 2021년 12월,4.0,좋은 부모,컴퓨터/인터넷,24000
"

41.  
",UX/UI 디자이너를 위한 실무 피그마,클레어 정 (지은이) , 한빛미디어 , 2022년 11월,5.0,좋은 부모,컴퓨터/인터넷,18720
"

42.  
",Do it! 조코딩의 프로그래밍 입문,"김형태, 조동근(조코딩) (지은이) ", 이지스퍼블리싱 (주) , 2022년 7월,5.0,좋은 부모,컴퓨터/인터넷,12000
"

43.  
",소프트웨어 아키텍처 101,"마크 리처즈, 닐 포드 (지은이), 이일웅 (옮긴이) ", 한빛미디어 , 2021년 11월,5.0,좋은 부모,컴퓨터/인터넷,23040
"

44.  
",도커 교과서,"엘튼 스톤맨 (지은이), 심효섭 (옮긴이) ", 길벗 , 2022년 8월,5.0,좋은 부모,컴퓨터/인터넷,28800
"

45.  
","좋은 코드, 나쁜 코드","톰 롱 (지은이), 차건회 (옮긴이) ", 제이펍 , 2022년 9월,5.0,좋은 부모,컴퓨터/인터넷,21000
"

46.  
",된다! 깨비의 DSLR&미러리스 사진 수업,박기덕 (지은이) , 이지스퍼블리싱 (주) , 2022년 1월,5.0,좋은 부모,컴퓨터/인터넷,12000
"

47.  
",인생 언리얼 교과서,"이영호, 박원석, 박현상 (지은이) ", 성안당 , 2022년 7월,4.5,좋은 부모,컴퓨터/인터넷,47200
"

48.  
",비전공이지만 개발자로 먹고삽니다,"반병현, 이효석 (지은이) ", 생능북스 , 2023년 1월,5.0,좋은 부모,컴퓨터/인터넷,15200
"

49.  
",Do it! 스위프트로 아이폰 앱 만들기 입문,"송호정, 이범근 (지은이) ", 이지스퍼블리싱 , 2023년 1월,5.0,좋은 부모,컴퓨터/인터넷,23000
"

50.  
",Do it! 깡샘의 플러터 & 다트 프로그래밍,강성윤 (지은이) , 이지스퍼블리싱 (주) , 2023년 2월,0.0,좋은 부모,컴퓨터/인터넷,30000
"

51.  
",NGINX 쿡북,"데릭 디용기 (지은이), 노승헌 (옮긴이) ", 한빛미디어 , 2023년 1월,5.0,좋은 부모,컴퓨터/인터넷,15120
"

52.  
",실전에서 바로 쓰는 Next.js,"미셸 리바 (지은이), 박수현 (옮긴이) ", 한빛미디어 , 2023년 2월,0.0,좋은 부모,컴퓨터/인터넷,20800
"

53.  
",맛있는 디자인 프리미어 프로 & 애프터 이펙트 CC 2023,"윤성우, 김덕영, 심수진 (지은이) ", 한빛미디어 , 2023년 2월,5.0,좋은 부모,컴퓨터/인터넷,19200
"

54.  
",맛있는 디자인 포토샵 & 일러스트레이터 CC 2023,"빨간고래(박정아), 윤이사라(포완카) (지은이) ", 한빛미디어 , 2023년 2월,5.0,좋은 부모,컴퓨터/인터넷,18400
"

55.  
",퍼포먼스 마케팅 첫걸음 : 취업부터 실무까지,이다혜 (지은이) , 비제이퍼블릭 , 2023년 2월,0.0,좋은 부모,컴퓨터/인터넷,22000
"

56.  
",Do it! 점프 투 파이썬 -전면 개정판,박응용 (지은이) , 이지스퍼블리싱 , 2019년 6월,4.5,좋은 부모,컴퓨터/인터넷,13000
"

57.  
",객체지향의 사실과 오해,조영호 (지은이) , 위키북스 , 2021년 7월,4.5,좋은 부모,컴퓨터/인터넷,15000
"

58.  
",헤드 퍼스트 디자인 패턴,"케이시 시에라, 버트 베이츠, 엘리자베스 롭슨 (지은이) ", 한빛미디어 , 2022년 4월,5.0,좋은 부모,컴퓨터/인터넷,25920
"

59.  
",프로그래머의 뇌,"펠리너 헤르만스 (지은이), 차건회 (옮긴이) ", 제이펍 , 2022년 3월,4.5,좋은 부모,컴퓨터/인터넷,16800
"

60.  
",빅데이터 커리어 가이드북,"조성준, 김현용, 박서영 (지은이) ", 길벗 , 2021년 11월,5.0,좋은 부모,컴퓨터/인터넷,14000
"

61.  
",인스파이어드,"마티 케이건 (지은이), 황진수 (옮긴이) ", 제이펍 , 2020년 1월,4.0,좋은 부모,컴퓨터/인터넷,16800
"

62.  
",혼자 공부하는 자바,신용권 (지은이) , 한빛미디어 , 2021년 7월,4.5,좋은 부모,컴퓨터/인터넷,17280
"

63.  
",실용주의 프로그래머 20주년 기념판,"데이비드 토머스, 앤드류 헌트 (지은이), 김창준 (감수) ", 인사이트 , 2022년 3월,4.5,좋은 부모,컴퓨터/인터넷,26400
"

64.  
",비전공자도 이해할 수 있는 AI 지식,"박상길 (지은이), 정진호 (그림) ", 반니 , 2022년 8월,5.0,좋은 부모,컴퓨터/인터넷,13000
"

65.  
",Do it! 쉽게 배우는 R 데이터 분석,김영우 (지은이) , 이지스퍼블리싱 (주) , 2017년 7월,5.0,좋은 부모,컴퓨터/인터넷,14000
"

66.  
",쏙쏙 들어오는 함수형 코딩,"에릭 노먼드 (지은이), 김은민 (옮긴이) ", 제이펍 , 2022년 6월,4.5,좋은 부모,컴퓨터/인터넷,24500
"

67.  
",오토캐드 40시간 완성,신동진 (지은이) , 피앤피북 , 2021년 4월,5.0,좋은 부모,컴퓨터/인터넷,8900
"

68.  
",HTTP 완벽 가이드,"데이빗 고울리, 브라이언 토티, 마조리 세이어 (지은이) ", 인사이트 , 2022년 5월,4.0,좋은 부모,컴퓨터/인터넷,31200
"

69.  
",스프링 부트 핵심 가이드,장정우 (지은이) , 위키북스 , 2022년 8월,5.0,좋은 부모,컴퓨터/인터넷,20000
"

70.  
",UX/UI의 10가지 심리학 법칙,"존 야블론스키 (지은이), 이미령 (옮긴이) ", 책만 , 2020년 11월,4.5,좋은 부모,컴퓨터/인터넷,12800
"

71.  
",코딩자율 학습 나도코딩의 C언어 입문,나도코딩 (지은이) , 길벗 , 2022년 10월,5.0,좋은 부모,컴퓨터/인터넷,20800
"

72.  
",자신 있어! 아이패드 갤럭시 탭 드로잉,이솔기 (지은이) , 중앙books(중앙북스) , 2021년 5월,5.0,좋은 부모,컴퓨터/인터넷,13600
"

73.  
",AWS로 시작하는 인프라 구축의 정석,"나카가키 겐지 (지은이), 김모세 (옮긴이) ", 제이펍 , 2022년 9월,4.5,좋은 부모,컴퓨터/인터넷,19600
"

74.  
",소프트웨어 아키텍처 The Hard Parts,"마크 리처즈, 닐 포드 (지은이) ", 한빛미디어 , 2022년 10월,4.0,좋은 부모,컴퓨터/인터넷,25920
"

75.  
",혼자 공부하는 첫 프로그래밍 with 파이썬,문현일 (지은이) , 한빛미디어 , 2020년 9월,4.5,좋은 부모,컴퓨터/인터넷,12240
"

76.  
",아이패드로 캐릭터 디자인 with 프로크리에이트,"3dtotal Publishing (지은이), 김혜연 (옮긴이) ", 이지스퍼블리싱 (주) , 2022년 4월,5.0,좋은 부모,컴퓨터/인터넷,14000
"

77.  
",시작하세요! C# 10 프로그래밍,정성태 (지은이) , 위키북스 , 2023년 2월,0.0,좋은 부모,컴퓨터/인터넷,25200
"

78.  
",성공하는 유튜브 채널은 따로 있다,강차분PD (지은이) , 한빛미디어 , 2023년 1월,5.0,좋은 부모,컴퓨터/인터넷,12960
"

79.  
",리팩터링 2판 (리팩토링 개정판),"마틴 파울러 (지은이), 남기혁, 개앞맵시 (옮긴이) ", 한빛미디어 , 2020년 5월,5.0,좋은 부모,컴퓨터/인터넷,25200
"

80.  
",스프링 부트와 AWS로 혼자 구현하는 웹 서비스,이동욱(향로) (지은이) , 프리렉 , 2020년 11월,4.5,좋은 부모,컴퓨터/인터넷,15400
"

81.  
",1일 1로그 100일 완성 IT 지식,"브라이언 W. 커니핸 (지은이), 하성창 (옮긴이) ", 인사이트 , 2022년 1월,5.0,좋은 부모,컴퓨터/인터넷,16000
"

82.  
",함께 자라기,김창준 (지은이) , 인사이트 , 2020년 7월,5.0,좋은 부모,컴퓨터/인터넷,10000
"

83.  
",퇴근 후 스마트스토어로 투잡하기,해밀(박하나) (지은이) , 비제이퍼블릭 , 2020년 9월,5.0,좋은 부모,컴퓨터/인터넷,22400
"

84.  
",이펙티브 타입스크립트,"댄 밴더캄 (지은이), 장원호 (옮긴이) ", 인사이트 , 2021년 11월,5.0,좋은 부모,컴퓨터/인터넷,20000
"

85.  
",된다! 하루 5분 노션 활용법,이다슬 (지은이) , 이지스퍼블리싱 (주) , 2022년 1월,5.0,좋은 부모,컴퓨터/인터넷,9500
"

86.  
",모던 자바 인 액션,"라울-게이브리얼 우르마, 마리오 푸스코, 앨런 마이크로프트 (지은이), 우정은 (옮긴이) ", 한빛미디어 , 2019년 9월,5.0,좋은 부모,컴퓨터/인터넷,24480
"

87.  
",Do it! 자바 프로그래밍 입문,박은종 (지은이) , 이지스퍼블리싱 , 2018년 8월,4.5,좋은 부모,컴퓨터/인터넷,16500
"

88.  
",레트로의 유니티 게임 프로그래밍 에센스,이제민 (지은이) , 한빛미디어 , 2022년 2월,5.0,좋은 부모,컴퓨터/인터넷,43200
"

89.  
",그림으로 이해하는 AWS 구조와 기술,"오가사와라 시게타카 (지은이), 성창규 (옮긴이) ", 길벗 , 2021년 7월,4.5,좋은 부모,컴퓨터/인터넷,14400
"

90.  
",CODE 코드,"찰스 펫졸드 (지은이), 김현규 (옮긴이) ", 인사이트 , 2020년 8월,4.5,좋은 부모,컴퓨터/인터넷,20000
"

91.  
",개발자의 글쓰기,김철수 (지은이) , 위키북스 , 2020년 7월,5.0,좋은 부모,컴퓨터/인터넷,12600
"

92.  
",진짜 하루만에 끝내는 이모티콘,정오목 (지은이) , T.W.I.G(티더블유아이지)(주) , 2021년 12월,4.5,좋은 부모,컴퓨터/인터넷,9900
"

93.  
",데이터베이스 개론,김연희 (지은이) , 한빛아카데미(교재) , 2022년 1월,0.0,좋은 부모,컴퓨터/인터넷,29000
"

94.  
",Do it! 플러터 앱 프로그래밍(개정판) : 오픈 API 활용 + 파이어베이스 + 구글 맵 + 광고 수익까지,조준수 (지은이) , 이지스퍼블리싱 (주) , 2021년 9월,5.0,좋은 부모,컴퓨터/인터넷,20000
"

95.  
",국내 최다 이모티콘 승인 작가 씨엠제이가 알려주는 승인율 99.9% 이모티콘 만들기,씨엠제이(최민정) (지은이) , 한빛미디어 , 2022년 10월,5.0,좋은 부모,컴퓨터/인터넷,10800
"

96.  
",업무와 일상을 정리하는 새로운 방법 노션 Notion,"전시진, 이해봄 (지은이) ", 제이펍 , 2022년 12월,5.0,좋은 부모,컴퓨터/인터넷,13230
"

97.  
",Do it! C 언어 입문,김성엽 (지은이) , 이지스퍼블리싱 (주) , 2017년 1월,5.0,좋은 부모,컴퓨터/인터넷,16500
"

98.  
","한 달 만에 블로그 일 방문자 수 1,000명 만들기",권호영 (지은이) , 푸른향기 , 2021년 6월,5.0,좋은 부모,컴퓨터/인터넷,10500
"

99.  
",C# 교과서,박용준 (지은이) , 길벗 , 2020년 6월,5.0,좋은 부모,컴퓨터/인터넷,21000
"

100.  
",2022 기사패스 정보처리기사 필기 기출문제 상세풀이 800제,NCS 정보기술 연구회 (지은이) , 한국정보화기술 , 2021년 12월,4.5,좋은 부모,컴퓨터/인터넷,15000
